{
  "clipboard_image_path": "code/cache_screenshots/tradingview_clipboard_20250528_025119.png",
  "indicators": {
    "15m": {
      "indicators": {
        "ticker": "ETH-USDT-SWAP",
        "name": "ETHUSDT.P",
        "close": 2532.89,
        "volume": 643281.26,
        "RSI": 30.97640042701248,
        "MACD_macd": -6.186039117239034,
        "MACD_signal": -5.197444575359579,
        "ATR": 11.854620496101182,
        "ADX": 37.48072337704171,
        "Stoch_K": 21.383788625167394,
        "Stoch_D": 27.520795132516913,
        "StochRSI_K": 18.756854377314323,
        "StochRSI_D": 39.96624898141059,
        "BB_upper": 2574.4849407003753,
        "BB_lower": 2525.044059299624,
        "BB_middle": 2549.7644999999998,
        "EMA5": 2537.7673472839006,
        "EMA21": 2546.073312251011,
        "EMA55": 2563.7667688306456,
        "EMA144": 2605.3243214904996,
        "EMA200": 2620.193422504089,
        "VWAP": 2615.8242943286787
      }
    },
    "1h": {
      "indicators": {
        "ticker": "ETH-USDT-SWAP",
        "name": "ETHUSDT.P",
        "close": 2572.99,
        "volume": 2196007.06,
        "RSI": 66.5935898313311,
        "MACD_macd": 7.319021251300001,
        "MACD_signal": 4.127297140716271,
        "ATR": 26.76632988127357,
        "ADX": 18.91542783404993,
        "Stoch_K": 79.46938318593959,
        "Stoch_D": 77.62198171007316,
        "StochRSI_K": 88.37980772492301,
        "StochRSI_D": 82.76060087539103,
        "BB_upper": 2581.5620162390956,
        "BB_lower": 2515.8749837609043,
        "BB_middle": 2548.7185,
        "EMA5": 2566.139806045748,
        "EMA21": 2551.544739685602,
        "EMA55": 2548.963956832,
        "EMA144": 2584.013453087053,
        "EMA200": 2602.313164982725,
        "VWAP": 2563.63864338761
      }
    },
    "4h": {
      "indicators": {
        "ticker": "ETH-USDT-SWAP",
        "name": "ETHUSDT.P",
        "close": 2536.42,
        "volume": 14246842.97,
        "RSI": 53.73353756101999,
        "MACD_macd": -14.057889140227417,
        "MACD_signal": -13.22998322426142,
        "ATR": 98.71474732934752,
        "ADX": 18.622598745695804,
        "Stoch_K": 60.331880967831644,
        "Stoch_D": 49.32789468805038,
        "StochRSI_K": 98.64450725376153,
        "StochRSI_D": 84.40900951072145,
        "BB_upper": 2684.95256179793,
        "BB_lower": 2382.5884382020704,
        "BB_middle": 2533.7705,
        "EMA5": 2509.1612960273815,
        "EMA21": 2523.495665874314,
        "EMA55": 2538.897060205606,
        "EMA144": 2572.3721028671016,
        "EMA200": 2588.1052751095112,
        "VWAP": 2545.2160869502372
      }
    }
  },
  "factors": {
    "timestamp": "2025-05-28T02:51:23+08:00",
    "factors": {
      "funding_rate": "0.01%",
      "fear_greed_index": 74,
      "open_interest": 6164267.580000013
    }
  },
  "data": {
    "code": "0",
    "msg": "",
    "data": [
      {
        "instType": "SWAP",
        "instId": "ETH-USDT-SWAP",
        "last": "2681.46",
        "lastSz": "6.11",
        "askPx": "2681.47",
        "askSz": "111.76",
        "bidPx": "2681.46",
        "bidSz": "47.53",
        "open24h": "2537.14",
        "high24h": "2711.64",
        "low24h": "2508.06",
        "volCcy24h": "5173165.263",
        "vol24h": "51731652.63",
        "ts": "1748371885829",
        "sodUtc0": "2562.87",
        "sodUtc8": "2667.27"
      }
    ]
  },
  "timestamp": "2025-05-27T18:51:26+00:00Z"
}