{
  "clipboard_image_path": "code/cache_screenshots/tradingview_clipboard_20250528_183343.png",
  "indicators": {
    "15m": {
      "indicators": {
        "ticker": "ETH-USDT-SWAP",
        "name": "ETHUSDT.P",
        "close": 2634.83,
        "volume": 417246.25,
        "RSI": 42.67324847633548,
        "MACD_macd": -7.969572321139822,
        "MACD_signal": -7.713640377409935,
        "ATR": 14.209025991808424,
        "ADX": 25.791267854127153,
        "Stoch_K": 39.67357187696115,
        "Stoch_D": 24.67049595120788,
        "StochRSI_K": 73.02909405160318,
        "StochRSI_D": 63.462772676984514,
        "BB_upper": 2666.8668701548627,
        "BB_lower": 2623.020129845138,
        "BB_middle": 2644.9435000000003,
        "EMA5": 2635.8062570116563,
        "EMA21": 2644.9618225537,
        "EMA55": 2652.959694890203,
        "EMA144": 2648.850187946424,
        "EMA200": 2646.1407462761845,
        "VWAP": 2655.3492431510003
      }
    },
    "1h": {
      "indicators": {
        "ticker": "ETH-USDT-SWAP",
        "name": "ETHUSDT.P",
        "close": 2546.54,
        "volume": 987179.4,
        "RSI": 47.52409328782179,
        "MACD_macd": 7.50442877684236,
        "MACD_signal": 7.937006614074395,
        "ATR": 19.49302722487075,
        "ADX": 15.568010997883139,
        "Stoch_K": 30.7111544081835,
        "Stoch_D": 37.37183855065114,
        "StochRSI_K": 2.1602931134503947,
        "StochRSI_D": 6.42761947966403,
        "BB_upper": 2586.772774482837,
        "BB_lower": 2501.8232255171624,
        "BB_middle": 2544.298,
        "EMA5": 2551.060325857836,
        "EMA21": 2544.6932338585684,
        "EMA55": 2545.305919335622,
        "EMA144": 2572.8496038659064,
        "EMA200": 2583.475845881858,
        "VWAP": 2576.862474534814
      }
    },
    "4h": {
      "indicators": {
        "ticker": "ETH-USDT-SWAP",
        "name": "ETHUSDT.P",
        "close": 2506.51,
        "volume": 8966324.27,
        "RSI": 45.02740013537141,
        "MACD_macd": -13.96122702879893,
        "MACD_signal": -9.328465286515442,
        "ATR": 91.64053023211899,
        "ADX": 20.782437608386125,
        "Stoch_K": 30.168522419500476,
        "Stoch_D": 32.095496037716906,
        "StochRSI_K": 39.41971453138128,
        "StochRSI_D": 41.78639114868296,
        "BB_upper": 2709.4208615454695,
        "BB_lower": 2401.4331384545308,
        "BB_middle": 2555.427,
        "EMA5": 2513.4178111386154,
        "EMA21": 2533.5618447980287,
        "EMA55": 2544.009030825051,
        "EMA144": 2568.305393555621,
        "EMA200": 2579.670107056517,
        "VWAP": 2550.043445285765
      }
    }
  },
  "factors": {
    "timestamp": "2025-05-28T18:33:47+08:00",
    "factors": {
      "funding_rate": "0.0067%",
      "fear_greed_index": 71,
      "open_interest": 6035927.120000011
    }
  },
  "data": {
    "code": "0",
    "msg": "",
    "data": [
      {
        "instType": "SWAP",
        "instId": "ETH-USDT-SWAP",
        "last": "2639.9",
        "lastSz": "64.11",
        "askPx": "2639.91",
        "askSz": "439.01",
        "bidPx": "2639.9",
        "bidSz": "1166.21",
        "open24h": "2636",
        "high24h": "2711.64",
        "low24h": "2606.53",
        "volCcy24h": "4082149.912",
        "vol24h": "40821499.12",
        "ts": "1748428428786",
        "sodUtc0": "2660.01",
        "sodUtc8": "2667.27"
      }
    ]
  },
  "timestamp": "2025-05-28T10:33:49+00:00Z"
}