{
  "clipboard_image_path": "/tmp/tradingview_screenshots/tradingview_clipboard_20250527_233251.png",
  "indicators": {
    "15m": {
      "indicators": {
        "ticker": "ETH-USDT-SWAP",
        "name": "ETHUSDT.P",
        "close": 2546.93,
        "volume": 358004.34,
        "RSI": 46.143358077356815,
        "MACD_macd": 0.33720843985429383,
        "MACD_signal": -0.588373210213341,
        "ATR": 12.823697288337303,
        "ADX": 23.70599556511793,
        "Stoch_K": 47.84019468667556,
        "Stoch_D": 49.34090448184912,
        "StochRSI_K": 35.87988151386627,
        "StochRSI_D": 38.01402529341089,
        "BB_upper": 2563.532163981371,
        "BB_lower": 2527.261836018629,
        "BB_middle": 2545.397,
        "EMA5": 2550.209798779137,
        "EMA21": 2549.160822877617,
        "EMA55": 2558.049401085036,
        "EMA144": 2591.56578985615,
        "EMA200": 2604.828128802755,
        "VWAP": 2598.278350536946
      }
    },
    "1h": {
      "indicators": {
        "ticker": "ETH-USDT-SWAP",
        "name": "ETHUSDT.P",
        "close": 2566.0,
        "volume": 9567483.48,
        "RSI": 54.68094983594962,
        "MACD_macd": 7.113120525119939,
        "MACD_signal": 5.791512837049875,
        "ATR": 48.54816231152314,
        "ADX": 23.337662081956843,
        "Stoch_K": 39.70521023765997,
        "Stoch_D": 60.75091616029994,
        "StochRSI_K": 61.893555673321664,
        "StochRSI_D": 65.7683777089424,
        "BB_upper": 2587.2135960216337,
        "BB_lower": 2514.343403978366,
        "BB_middle": 2550.7785,
        "EMA5": 2564.231053643185,
        "EMA21": 2554.7625997005266,
        "EMA55": 2549.728609496441,
        "EMA144": 2574.7284058520595,
        "EMA200": 2588.5869109787423,
        "VWAP": 2558.57736725131
      }
    },
    "4h": {
      "indicators": {
        "ticker": "ETH-USDT-SWAP",
        "name": "ETHUSDT.P",
        "close": 2581.6,
        "volume": 13975471.98,
        "RSI": 60.227678752488046,
        "MACD_macd": -7.550578230580413,
        "MACD_signal": -12.084580725526143,
        "ATR": 103.22877670491886,
        "ADX": 16.69700552625868,
        "Stoch_K": 81.27375544637057,
        "Stoch_D": 57.4549612187509,
        "StochRSI_K": 100.0,
        "StochRSI_D": 86.57235496856468,
        "BB_upper": 2675.610850794689,
        "BB_lower": 2386.139149205311,
        "BB_middle": 2530.875,
        "EMA5": 2533.3075306849214,
        "EMA21": 2528.7766814589027,
        "EMA55": 2539.9878610902338,
        "EMA144": 2568.387658088391,
        "EMA200": 2581.9742645723422,
        "VWAP": 2543.6698965582946
      }
    }
  },
  "factors": {
    "timestamp": "2025-05-27T15:32:54Z",
    "factors": {
      "funding_rate": "0.0088%",
      "fear_greed_index": 74,
      "open_interest": 6382570.180000013
    }
  },
  "data": {
    "code": "0",
    "msg": "",
    "data": [
      {
        "instType": "SWAP",
        "instId": "ETH-USDT-SWAP",
        "last": "2662.62",
        "lastSz": "0.01",
        "askPx": "2662.62",
        "askSz": "1431.48",
        "bidPx": "2662.61",
        "bidSz": "1054.6",
        "open24h": "2565.83",
        "high24h": "2685",
        "low24h": "2508.06",
        "volCcy24h": "4837375.678",
        "vol24h": "48373756.78",
        "ts": "1748359981418",
        "sodUtc0": "2562.87",
        "sodUtc8": "2564.81"
      }
    ]
  },
  "timestamp": "2025-05-27T15:33:02+00:00Z"
}