{
  "clipboard_image_path": "/tmp/tradingview_screenshots/tradingview_clipboard_20250527_093215.png",
  "indicators": {
    "15m": {
      "indicators": {
        "ticker": "ETH-USDT-SWAP",
        "name": "ETHUSDT.P",
        "close": 2554.81,
        "volume": 415482.58,
        "RSI": 44.0404722993176,
        "MACD_macd": -1.626273988246794,
        "MACD_signal": -2.22133318537311,
        "ATR": 14.804626972701865,
        "ADX": 22.866658139164386,
        "Stoch_K": 38.36257309941509,
        "Stoch_D": 54.456995924869865,
        "StochRSI_K": 51.21179340511228,
        "StochRSI_D": 78.00119620843365,
        "BB_upper": 2570.1192693595185,
        "BB_lower": 2548.480730640482,
        "BB_middle": 2559.3,
        "EMA5": 2559.8295128244727,
        "EMA21": 2560.5803027597667,
        "EMA55": 2560.688095428264,
        "EMA144": 2551.642534068403,
        "EMA200": 2547.3469823394535,
        "VWAP": 2557.7976939711743
      }
    },
    "1h": {
      "indicators": {
        "ticker": "ETH-USDT-SWAP",
        "name": "ETHUSDT.P",
        "close": 2635.27,
        "volume": 497627.92,
        "RSI": 41.91102583280929,
        "MACD_macd": 25.17925963867492,
        "MACD_signal": 31.28413185348617,
        "ATR": 39.185199922407975,
        "ADX": 20.606140693842566,
        "Stoch_K": 7.728971962616805,
        "Stoch_D": 41.713263662930686,
        "StochRSI_K": 0.5706946761020731,
        "StochRSI_D": 8.193674717033808,
        "BB_upper": 2749.6779590770957,
        "BB_lower": 2532.5370409229045,
        "BB_middle": 2641.1075,
        "EMA5": 2652.5505388709175,
        "EMA21": 2639.0325048858513,
        "EMA55": 2596.179726469046,
        "EMA144": 2567.28598512971,
        "EMA200": 2562.0437453801155,
        "VWAP": 2569.865423613395
      }
    },
    "4h": {
      "indicators": {
        "ticker": "ETH-USDT-SWAP",
        "name": "ETHUSDT.P",
        "close": 2383.59,
        "volume": 16749702.14,
        "RSI": 33.38762630595403,
        "MACD_macd": -23.96589861105531,
        "MACD_signal": -14.548272011372642,
        "ATR": 106.39623672025162,
        "ADX": 21.111102796029787,
        "Stoch_K": 10.35195908851628,
        "Stoch_D": 24.43432993863603,
        "StochRSI_K": 0.0,
        "StochRSI_D": 18.0547815366534,
        "BB_upper": 2595.075047723822,
        "BB_lower": 2396.5299522761784,
        "BB_middle": 2495.8025000000002,
        "EMA5": 2455.715935017755,
        "EMA21": 2505.285377319971,
        "EMA55": 2527.120346774608,
        "EMA144": 2541.626981003912,
        "EMA200": 2545.9036272301414,
        "VWAP": 2536.8816310183315
      }
    }
  },
  "factors": {
    "timestamp": "2025-05-27T01:32:17Z",
    "factors": {
      "funding_rate": "0.0078%",
      "fear_greed_index": 74,
      "open_interest": 5643996.040000009
    }
  },
  "data": {
    "code": "0",
    "msg": "",
    "data": [
      {
        "instType": "SWAP",
        "instId": "ETH-USDT-SWAP",
        "last": "2528.72",
        "lastSz": "1.85",
        "askPx": "2528.72",
        "askSz": "828.39",
        "bidPx": "2528.71",
        "bidSz": "879.9",
        "open24h": "2554.67",
        "high24h": "2598.53",
        "low24h": "2508.06",
        "volCcy24h": "2942523.058",
        "vol24h": "29425230.58",
        "ts": "1748309543511",
        "sodUtc0": "2562.87",
        "sodUtc8": "2564.81"
      }
    ]
  },
  "timestamp": "2025-05-27T01:32:24+00:00Z"
}