{
  "clipboard_image_path": "/tmp/tradingview_screenshots/tradingview_clipboard_20250527_091958.png",
  "indicators": {
    "15m": {
      "indicators": {
        "ticker": "ETH-USDT-SWAP",
        "name": "ETHUSDT.P",
        "close": 2544.14,
        "volume": 456005.64,
        "RSI": 34.9045528538382,
        "MACD_macd": -2.7333003260660007,
        "MACD_signal": -2.3290618870106017,
        "ATR": 15.868001632973055,
        "ADX": 23.260201783608395,
        "Stoch_K": 25.80042065903242,
        "Stoch_D": 48.684870913985314,
        "StochRSI_K": 31.010744346018754,
        "StochRSI_D": 60.740879752392395,
        "BB_upper": 2569.9176501792,
        "BB_lower": 2546.2233498208006,
        "BB_middle": 2558.0705000000003,
        "EMA5": 2554.5996752163155,
        "EMA21": 2559.086400288821,
        "EMA55": 2560.340449810178,
        "EMA144": 2553.843013807412,
        "EMA200": 2550.714249776819,
        "VWAP": 2559.4618830534105
      }
    },
    "1h": {
      "indicators": {
        "ticker": "ETH-USDT-SWAP",
        "name": "ETHUSDT.P",
        "close": 2635.27,
        "volume": 497627.92,
        "RSI": 41.91102583280929,
        "MACD_macd": 25.17925963867492,
        "MACD_signal": 31.28413185348617,
        "ATR": 39.185199922407975,
        "ADX": 20.606140693842566,
        "Stoch_K": 7.728971962616805,
        "Stoch_D": 41.713263662930686,
        "StochRSI_K": 0.5706946761020731,
        "StochRSI_D": 8.193674717033808,
        "BB_upper": 2749.6779590770957,
        "BB_lower": 2532.5370409229045,
        "BB_middle": 2641.1075,
        "EMA5": 2652.5505388709175,
        "EMA21": 2639.0325048858513,
        "EMA55": 2596.179726469046,
        "EMA144": 2567.28598512971,
        "EMA200": 2562.0437453801155,
        "VWAP": 2569.865423613395
      }
    },
    "4h": {
      "indicators": {
        "ticker": "ETH-USDT-SWAP",
        "name": "ETHUSDT.P",
        "close": 2383.59,
        "volume": 16749702.14,
        "RSI": 33.38762630595403,
        "MACD_macd": -23.96589861105531,
        "MACD_signal": -14.548272011372642,
        "ATR": 106.39623672025162,
        "ADX": 21.111102796029787,
        "Stoch_K": 10.35195908851628,
        "Stoch_D": 24.43432993863603,
        "StochRSI_K": 0.0,
        "StochRSI_D": 18.0547815366534,
        "BB_upper": 2595.075047723822,
        "BB_lower": 2396.5299522761784,
        "BB_middle": 2495.8025000000002,
        "EMA5": 2455.715935017755,
        "EMA21": 2505.285377319971,
        "EMA55": 2527.120346774608,
        "EMA144": 2541.626981003912,
        "EMA200": 2545.9036272301414,
        "VWAP": 2536.8816310183315
      }
    }
  },
  "factors": {
    "timestamp": "2025-05-27T01:20:01Z",
    "factors": {
      "funding_rate": "0.0075%",
      "fear_greed_index": 74,
      "open_interest": 5639089.6600000085
    }
  },
  "data": {
    "code": "0",
    "msg": "",
    "data": [
      {
        "instType": "SWAP",
        "instId": "ETH-USDT-SWAP",
        "last": "2522.38",
        "lastSz": "41.62",
        "askPx": "2522.6",
        "askSz": "1017.62",
        "bidPx": "2522.38",
        "bidSz": "114.55",
        "open24h": "2558.01",
        "high24h": "2598.53",
        "low24h": "2521.5",
        "volCcy24h": "2839060.638",
        "vol24h": "28390606.38",
        "ts": "1748308809796",
        "sodUtc0": "2562.87",
        "sodUtc8": "2564.81"
      }
    ]
  },
  "timestamp": "2025-05-27T01:20:10+00:00Z"
}