{
  "clipboard_image_path": "code/cache_screenshots/tradingview_clipboard_20250528_210045.png",
  "indicators": {
    "15m": {
      "indicators": {
        "ticker": "ETH-USDT-SWAP",
        "name": "ETHUSDT.P",
        "close": 2638.26,
        "volume": 577265.31,
        "RSI": 34.95585767726705,
        "MACD_macd": -6.92655912100463,
        "MACD_signal": -4.525254041145132,
        "ATR": 20.044383441875983,
        "ADX": 27.305812467954762,
        "Stoch_K": 11.477272727273444,
        "Stoch_D": 16.931818181818514,
        "StochRSI_K": 29.3029580074104,
        "StochRSI_D": 30.560837579683547,
        "BB_upper": 2678.130660799194,
        "BB_lower": 2638.6673392008056,
        "BB_middle": 2658.399,
        "EMA5": 2645.5911916809478,
        "EMA21": 2657.913773424612,
        "EMA55": 2660.88668328642,
        "EMA144": 2659.29067963231,
        "EMA200": 2659.6554061742186,
        "VWAP": 2656.901238030263
      }
    },
    "1h": {
      "indicators": {
        "ticker": "ETH-USDT-SWAP",
        "name": "ETHUSDT.P",
        "close": 2551.72,
        "volume": 586276.92,
        "RSI": 52.44393715464653,
        "MACD_macd": 9.982111517891553,
        "MACD_signal": 7.4765259837240485,
        "ATR": 20.66212455157173,
        "ADX": 16.1797654632716,
        "Stoch_K": 59.23265592151365,
        "Stoch_D": 78.83750620376304,
        "StochRSI_K": 0.0,
        "StochRSI_D": 61.002356233664415,
        "BB_upper": 2586.748571724161,
        "BB_lower": 2490.5794282758393,
        "BB_middle": 2538.664,
        "EMA5": 2557.523599770195,
        "EMA21": 2543.2089820756096,
        "EMA55": 2545.9670380191847,
        "EMA144": 2584.0425330889316,
        "EMA200": 2599.433686294798,
        "VWAP": 2580.4900584792636
      }
    },
    "4h": {
      "indicators": {
        "ticker": "ETH-USDT-SWAP",
        "name": "ETHUSDT.P",
        "close": 2513.37,
        "volume": 4535714.15,
        "RSI": 46.45360808722554,
        "MACD_macd": -13.454108375275155,
        "MACD_signal": -8.185424660298075,
        "ATR": 92.61601339211109,
        "ADX": 21.412323662703518,
        "Stoch_K": 32.23292205838091,
        "Stoch_D": 36.810111345170014,
        "StochRSI_K": 42.018938623241745,
        "StochRSI_D": 47.3284844492185,
        "BB_upper": 2711.2113541943963,
        "BB_lower": 2406.3626458056033,
        "BB_middle": 2558.787,
        "EMA5": 2516.8717167079226,
        "EMA21": 2536.268704747646,
        "EMA55": 2545.971181238717,
        "EMA144": 2574.4766506036913,
        "EMA200": 2588.2047149132172,
        "VWAP": 2551.249334289296
      }
    }
  },
  "factors": {
    "timestamp": "2025-05-28T21:00:49+08:00",
    "factors": {
      "funding_rate": "0.0075%",
      "fear_greed_index": 71,
      "open_interest": 6155388.960000008
    }
  },
  "data": {
    "code": "0",
    "msg": "",
    "data": [
      {
        "instType": "SWAP",
        "instId": "ETH-USDT-SWAP",
        "last": "2664.83",
        "lastSz": "10",
        "askPx": "2664.83",
        "askSz": "1034.32",
        "bidPx": "2664.82",
        "bidSz": "541.47",
        "open24h": "2645.78",
        "high24h": "2711.64",
        "low24h": "2606.53",
        "volCcy24h": "4160686.652",
        "vol24h": "41606866.52",
        "ts": "1748437250982",
        "sodUtc0": "2660.01",
        "sodUtc8": "2667.27"
      }
    ]
  },
  "timestamp": "2025-05-28T13:00:51+00:00Z"
}