{
  "clipboard_image_path": "code/cache_screenshots/tradingview_clipboard_20250528_152724.png",
  "indicators": {
    "15m": {
      "indicators": {
        "ticker": "ETH-USDT-SWAP",
        "name": "ETHUSDT.P",
        "close": 2595.3,
        "volume": 1433550.95,
        "RSI": 41.49294767414779,
        "MACD_macd": -16.70423030017355,
        "MACD_signal": -13.648748103587264,
        "ATR": 21.405623519696388,
        "ADX": 41.395814221067994,
        "Stoch_K": 40.42983565107466,
        "Stoch_D": 26.66738460918404,
        "StochRSI_K": 76.70156340958907,
        "StochRSI_D": 48.04789262120213,
        "BB_upper": 2662.7680560992676,
        "BB_lower": 2573.523943900732,
        "BB_middle": 2618.1459999999997,
        "EMA5": 2591.4468341718966,
        "EMA21": 2614.860587455788,
        "EMA55": 2635.439303779858,
        "EMA144": 2641.9359062514864,
        "EMA200": 2641.278049934881,
        "VWAP": 2645.9193287455673
      }
    },
    "1h": {
      "indicators": {
        "ticker": "ETH-USDT-SWAP",
        "name": "ETHUSDT.P",
        "close": 2549.1,
        "volume": 936308.07,
        "RSI": 48.907060740137666,
        "MACD_macd": 6.355613887570144,
        "MACD_signal": 7.353956271920431,
        "ATR": 19.36345197371249,
        "ADX": 14.389694098127613,
        "Stoch_K": 36.945932781295895,
        "Stoch_D": 45.129079396006034,
        "StochRSI_K": 8.16772891066721,
        "StochRSI_D": 25.1062585785775,
        "BB_upper": 2570.116462795962,
        "BB_lower": 2533.257537204038,
        "BB_middle": 2551.687,
        "EMA5": 2551.846763217137,
        "EMA21": 2546.614570712841,
        "EMA55": 2546.038715970261,
        "EMA144": 2572.0978144802684,
        "EMA200": 2582.7122164721327,
        "VWAP": 2575.331011581671
      }
    },
    "4h": {
      "indicators": {
        "ticker": "ETH-USDT-SWAP",
        "name": "ETHUSDT.P",
        "close": 2461.11,
        "volume": 10744974.07,
        "RSI": 36.47577563524221,
        "MACD_macd": -17.833287875968836,
        "MACD_signal": -11.034666918111462,
        "ATR": 92.70180197870799,
        "ADX": 20.68032970726564,
        "Stoch_K": 16.506169124285268,
        "Stoch_D": 26.30253786738888,
        "StochRSI_K": 23.83484626609153,
        "StochRSI_D": 35.09116142765206,
        "BB_upper": 2705.3773527351077,
        "BB_lower": 2390.6996472648925,
        "BB_middle": 2548.0385,
        "EMA5": 2495.9818740924106,
        "EMA21": 2526.9759716237963,
        "EMA55": 2541.2872315808563,
        "EMA144": 2569.088410441609,
        "EMA200": 2581.8270432243094,
        "VWAP": 2548.786578857318
      }
    }
  },
  "factors": {
    "timestamp": "2025-05-28T15:27:27+08:00",
    "factors": {
      "funding_rate": "0.0078%",
      "fear_greed_index": 71,
      "open_interest": 6046956.21000001
    }
  },
  "data": {
    "code": "0",
    "msg": "",
    "data": [
      {
        "instType": "SWAP",
        "instId": "ETH-USDT-SWAP",
        "last": "2633.62",
        "lastSz": "0.15",
        "askPx": "2633.67",
        "askSz": "46.78",
        "bidPx": "2633.55",
        "bidSz": "2713.17",
        "open24h": "2585.33",
        "high24h": "2711.64",
        "low24h": "2584",
        "volCcy24h": "4630771.828",
        "vol24h": "46307718.28",
        "ts": "1748417251528",
        "sodUtc0": "2660.01",
        "sodUtc8": "2667.27"
      }
    ]
  },
  "timestamp": "2025-05-28T07:27:32+00:00Z"
}