{
  "clipboard_image_path": "/root/codespace/Qwen_quant_v1/ETH_code/cache_screenshot/tradingview_clipboard_20250601_140551.png",
  "indicators_main": {
    "15m": {
      "indicators": {
        "ticker": "ETH-USDT-SWAP",
        "name": "ETHUSDT.P",
        "close": 2517.13,
        "volume": 277617.7,
        "RSI": 47.329465243413,
        "MACD_macd": -2.279302307340913,
        "MACD_signal": -2.4971642332993955,
        "ATR": 8.971984924339942,
        "ADX": 17.457604256135095,
        "Stoch_K": 50.18987341772279,
        "Stoch_D": 51.63772571087558,
        "StochRSI_K": 54.936885236278776,
        "StochRSI_D": 61.29930859631671,
        "BB_upper": 2525.265236233817,
        "BB_lower": 2512.9517637661825,
        "BB_middle": 2519.1085,
        "EMA5": 2517.2921732158725,
        "EMA21": 2519.5668204450417,
        "EMA55": 2523.664074059396,
        "EMA144": 2523.686517399724,
        "EMA200": 2522.778285570227,
        "VWAP": 2524.593210242713
      }
    },
    "1h": {
      "indicators": {
        "ticker": "ETH-USDT-SWAP",
        "name": "ETHUSDT.P",
        "close": 2637.25,
        "volume": 2078808.6,
        "RSI": 45.4779487957597,
        "MACD_macd": -8.015099617736723,
        "MACD_signal": -8.188013955248387,
        "ATR": 26.516142481728465,
        "ADX": 18.185331680054077,
        "Stoch_K": 37.72565393589569,
        "Stoch_D": 43.632567849686815,
        "StochRSI_K": 55.88517209321542,
        "StochRSI_D": 72.25557439208443,
        "BB_upper": 2664.0363646239257,
        "BB_lower": 2615.0996353760747,
        "BB_middle": 2639.568,
        "EMA5": 2639.4905432682126,
        "EMA21": 2647.860642576092,
        "EMA55": 2642.625508457498,
        "EMA144": 2599.464302478852,
        "EMA200": 2583.1999408545953,
        "VWAP": 2618.017664121312
      }
    },
    "4h": {
      "indicators": {
        "ticker": "ETH-USDT-SWAP",
        "name": "ETHUSDT.P",
        "close": 2562.66,
        "volume": 18323487.31,
        "RSI": 54.76611056941951,
        "MACD_macd": 14.897970633182013,
        "MACD_signal": 9.561623649587307,
        "ATR": 76.63236296105782,
        "ADX": 27.24523536067079,
        "Stoch_K": 57.95852012414393,
        "Stoch_D": 50.08785326042324,
        "StochRSI_K": 31.259309753786095,
        "StochRSI_D": 14.80480456503897,
        "BB_upper": 2639.120168280061,
        "BB_lower": 2412.633831719938,
        "BB_middle": 2525.8769999999995,
        "EMA5": 2558.94278636743,
        "EMA21": 2537.780841102731,
        "EMA55": 2537.384042396312,
        "EMA144": 2541.694283496745,
        "EMA200": 2539.0444837615273,
        "VWAP": 2561.714793595232
      }
    }
  },
  "factors_main": {
    "factors": {
      "funding_rate": "0.0038%",
      "FGI": "56/100",
      "open_interest": "$591664740.0000008 million"
    }
  },
  "data_summary": {
    "code": "0",
    "msg": "",
    "data": [
      {
        "instType": "SWAP",
        "instId": "ETH-USDT-SWAP",
        "last": "2514.83",
        "lastSz": "11.58",
        "askPx": "2514.84",
        "askSz": "1089.66",
        "bidPx": "2514.83",
        "bidSz": "563.85",
        "open24h": "2515.68",
        "high24h": "2549.99",
        "low24h": "2489.24",
        "volCcy24h": "2244453.234",
        "vol24h": "22444532.34",
        "ts": "1748757958314",
        "sodUtc0": "2527.07",
        "sodUtc8": "2535.28"
      }
    ]
  },
  "timestamp": "2025-06-01T06:05:59+00:00Z",
  "okx_positions": {
    "instrument_id": "ETH-USDT-SWAP",
    "balance": {
      "Available_Margin": "115946.25 USDT"
    },
    "positions": {
      "instrument_id": "ETH-USDT-SWAP",
      "Margin_Model": "cross",
      "Position direction": "net",
      "pos": "0 piece",
      "avgPrice": " USDT",
      "Unrealized Gains": " USDT",
      "liqPrice": " USDT",
      "lever": " x"
    },
    "orders": {
      "size": "N/A",
      "price": "N/A",
      "lever": "N/A",
      "direction": "N/A",
      "status": "N/A"
    }
  }
}