{
  "clipboard_image_path": "/root/codespace/Qwen_quant_v1/ETH_code/cache_screenshot/tradingview_clipboard_20250531_111434.png",
  "indicators_main": {
    "15m": {
      "indicators": {
        "ticker": "ETH-USDT-SWAP",
        "name": "ETHUSDT.P",
        "close": 2613.39,
        "volume": 714566.91,
        "RSI": 30.10624910751993,
        "MACD_macd": 1.7283486755641206,
        "MACD_signal": 4.604934494666158,
        "ATR": 14.59403990333619,
        "ADX": 23.811227479952297,
        "Stoch_K": 37.41421297321245,
        "Stoch_D": 31.821351098342006,
        "StochRSI_K": 0.0,
        "StochRSI_D": 7.759051874718338,
        "BB_upper": 2646.719291670912,
        "BB_lower": 2612.605708329088,
        "BB_middle": 2629.6625,
        "EMA5": 2622.4279109108693,
        "EMA21": 2626.1891873659238,
        "EMA55": 2611.4163952619406,
        "EMA144": 2571.6237675547063,
        "EMA200": 2556.302473550858,
        "VWAP": 2575.027364326216
      }
    },
    "1h": {
      "indicators": {
        "ticker": "ETH-USDT-SWAP",
        "name": "ETHUSDT.P",
        "close": 2562.87,
        "volume": 594504.9,
        "RSI": 38.74618290567444,
        "MACD_macd": -29.864152558349815,
        "MACD_signal": -22.64118126505658,
        "ATR": 30.985083470196038,
        "ADX": 53.00410461795701,
        "Stoch_K": 37.54366737447761,
        "Stoch_D": 24.375450256659633,
        "StochRSI_K": 90.49922888820187,
        "StochRSI_D": 50.40937954702459,
        "BB_upper": 2721.6122529903882,
        "BB_lower": 2504.040747009612,
        "BB_middle": 2612.8265,
        "EMA5": 2553.898481126168,
        "EMA21": 2596.914470739017,
        "EMA55": 2623.020619232622,
        "EMA144": 2598.5258836165317,
        "EMA200": 2581.4598209025953,
        "VWAP": 2632.0632364808216
      }
    },
    "4h": {
      "indicators": {
        "ticker": "ETH-USDT-SWAP",
        "name": "ETHUSDT.P",
        "close": 2624.01,
        "volume": 12289298.98,
        "RSI": 66.222414095259,
        "MACD_macd": 22.24683513375112,
        "MACD_signal": 16.13176135853827,
        "ATR": 73.53034731710345,
        "ADX": 27.21956111534648,
        "Stoch_K": 85.97076023391826,
        "Stoch_D": 76.49122807017545,
        "StochRSI_K": 71.2010912880942,
        "StochRSI_D": 59.75920324927781,
        "BB_upper": 2654.2777691672236,
        "BB_lower": 2464.943230832776,
        "BB_middle": 2559.6105,
        "EMA5": 2599.913446115698,
        "EMA21": 2562.805980225529,
        "EMA55": 2548.740915937772,
        "EMA144": 2549.874308638829,
        "EMA200": 2548.3922189492578,
        "VWAP": 2565.054074820128
      }
    }
  },
  "factors_main": {
    "timestamp": "2025-05-31T11:14:40+08:00",
    "factors": {
      "funding_rate": "0.0074%",
      "FGI": "50/100",
      "open_interest": "$584015365.0000008 million"
    }
  },
  "data_summary": {
    "code": "0",
    "msg": "",
    "data": [
      {
        "instType": "SWAP",
        "instId": "ETH-USDT-SWAP",
        "last": "2493.72",
        "lastSz": "0.47",
        "askPx": "2493.73",
        "askSz": "986.88",
        "bidPx": "2493.72",
        "bidSz": "15.04",
        "open24h": "2635.92",
        "high24h": "2649.38",
        "low24h": "2473.63",
        "volCcy24h": "5423197.02",
        "vol24h": "54231970.2",
        "ts": "1748661283606",
        "sodUtc0": "2529.79",
        "sodUtc8": "2597.01"
      }
    ]
  },
  "timestamp": "2025-05-31T03:14:43+00:00Z",
  "okx_positions": {
    "instrument_id": "ETH-USDT-SWAP",
    "balance": {
      "Available_Margin": "102651.36 USDT"
    },
    "positions": {
      "instrument_id": "ETH-USDT-SWAP",
      "Margin_Model": "N/A",
      "Position direction": "N/A",
      "pos": "0",
      "avgPrice": "N/A",
      "Unrealized Gains": "N/A",
      "liqPrice": "N/A",
      "lever": "N/A"
    }
  }
}