{
  "clipboard_image_path": "/root/codespace/Qwen_quant_v1/ETH_code/cache_screenshot/tradingview_clipboard_20250602_164603.png",
  "indicators_main": {
    "15m": {
      "indicators": {
        "ticker": "ETH-USDT-SWAP",
        "name": "ETHUSDT.P",
        "close": 2507.83,
        "volume": 118210.05,
        "RSI": 64.40873882209274,
        "MACD_macd": -0.6028719635796733,
        "MACD_signal": -3.274570750639406,
        "ATR": 9.944552495736268,
        "ADX": 25.572105119164412,
        "Stoch_K": 94.02720283855707,
        "Stoch_D": 83.73514821013235,
        "StochRSI_K": 93.07001125372378,
        "StochRSI_D": 79.85337829831748,
        "BB_upper": 2510.4098196697882,
        "BB_lower": 2481.8261803302116,
        "BB_middle": 2496.118,
        "EMA5": 2503.911478676767,
        "EMA21": 2500.0666427388333,
        "EMA55": 2505.981500589819,
        "EMA144": 2507.551096987147,
        "EMA200": 2506.524706090801,
        "VWAP": 2508.880266941921
      }
    },
    "1h": {
      "indicators": {
        "ticker": "ETH-USDT-SWAP",
        "name": "ETHUSDT.P",
        "close": 2726.94,
        "volume": 4679904.39,
        "RSI": 67.78230542370048,
        "MACD_macd": 32.70123705954711,
        "MACD_signal": 30.667602208279014,
        "ATR": 34.69681229895146,
        "ADX": 32.1577239341998,
        "Stoch_K": 73.2061699490429,
        "Stoch_D": 80.09003646392908,
        "StochRSI_K": 58.063764824197804,
        "StochRSI_D": 57.53829522831804,
        "BB_upper": 2760.043787651949,
        "BB_lower": 2604.273212348051,
        "BB_middle": 2682.1585,
        "EMA5": 2723.687965441059,
        "EMA21": 2684.7013112237946,
        "EMA55": 2629.015818597227,
        "EMA144": 2572.008282288347,
        "EMA200": 2556.917498495131,
        "VWAP": 2582.4843735739555
      }
    },
    "4h": {
      "indicators": {
        "ticker": "ETH-USDT-SWAP",
        "name": "ETHUSDT.P",
        "close": 2590.82,
        "volume": 4380133.84,
        "RSI": 70.73628664052308,
        "MACD_macd": -0.0005151632544766471,
        "MACD_signal": -13.554198940100795,
        "ATR": 72.26137627116152,
        "ADX": 22.019850383236697,
        "Stoch_K": 96.37080049771879,
        "Stoch_D": 81.10211615327746,
        "StochRSI_K": 100.0,
        "StochRSI_D": 93.0470396846846,
        "BB_upper": 2592.48217126244,
        "BB_lower": 2376.89682873756,
        "BB_middle": 2484.6895,
        "EMA5": 2532.6541701997508,
        "EMA21": 2505.4587242409025,
        "EMA55": 2526.445875929467,
        "EMA144": 2536.6256378858775,
        "EMA200": 2534.0006998547965,
        "VWAP": 2558.969652213596
      }
    }
  },
  "factors_main": {
    "factors": {
      "funding_rate": "0.0029%",
      "FGI": "64/100",
      "open_interest": "$629657419.0000014 million"
    }
  },
  "data_summary": {
    "code": "0",
    "msg": "",
    "data": [
      {
        "instType": "SWAP",
        "instId": "ETH-USDT-SWAP",
        "last": "2498.38",
        "lastSz": "4",
        "askPx": "2498.38",
        "askSz": "1389.32",
        "bidPx": "2498.37",
        "bidSz": "2242.26",
        "open24h": "2506.08",
        "high24h": "2546.96",
        "low24h": "2466",
        "volCcy24h": "3150638.222",
        "vol24h": "31506382.22",
        "ts": "1748853969803",
        "sodUtc0": "2538.12",
        "sodUtc8": "2521.95"
      }
    ]
  },
  "okx_positions": {},
  "timestamp": "2025-06-02T16:46:10+08:00"
}