{
  "clipboard_image_path": "/root/codespace/Qwen_quant_v1/ETH_code/cache_screenshot/tradingview_clipboard_20250602_024600.png",
  "indicators_main": {
    "15m": {
      "indicators": {
        "ticker": "ETH-USDT-SWAP",
        "name": "ETHUSDT.P",
        "close": 2526.3,
        "volume": 438463.82,
        "RSI": 28.59594261458416,
        "MACD_macd": 2.086127882173514,
        "MACD_signal": 4.091002577723495,
        "ATR": 8.15056991453083,
        "ADX": 27.191101469695784,
        "Stoch_K": 15.059160989603054,
        "Stoch_D": 27.750369948178783,
        "StochRSI_K": 0.0,
        "StochRSI_D": 7.245919346282207,
        "BB_upper": 2545.5185833923647,
        "BB_lower": 2530.0234166076348,
        "BB_middle": 2537.7709999999997,
        "EMA5": 2532.710524133372,
        "EMA21": 2534.081212426645,
        "EMA55": 2525.862363847758,
        "EMA144": 2515.1929934300592,
        "EMA200": 2512.07167549333,
        "VWAP": 2511.419316960892
      }
    },
    "1h": {
      "indicators": {
        "ticker": "ETH-USDT-SWAP",
        "name": "ETHUSDT.P",
        "close": 2627.11,
        "volume": 4447319.32,
        "RSI": 35.236181135091414,
        "MACD_macd": -10.512997294871639,
        "MACD_signal": 0.438308731423914,
        "ATR": 38.87446132205771,
        "ADX": 25.719717140866077,
        "Stoch_K": 10.06338263093514,
        "Stoch_D": 12.229882501204537,
        "StochRSI_K": 18.203940623831112,
        "StochRSI_D": 20.030397927104566,
        "BB_upper": 2787.184027938773,
        "BB_lower": 2586.1669720612276,
        "BB_middle": 2686.6755000000003,
        "EMA5": 2634.456502686049,
        "EMA21": 2662.684701763961,
        "EMA55": 2643.435763208181,
        "EMA144": 2596.3577000232617,
        "EMA200": 2582.7421702949846,
        "VWAP": 2605.6071255812244
      }
    },
    "4h": {
      "indicators": {
        "ticker": "ETH-USDT-SWAP",
        "name": "ETHUSDT.P",
        "close": 2579.97,
        "volume": 6657472.4,
        "RSI": 60.32054560113254,
        "MACD_macd": 19.54026287711804,
        "MACD_signal": 3.775442643926028,
        "ATR": 69.72043296891088,
        "ADX": 33.164727944893706,
        "Stoch_K": 66.48603379476809,
        "Stoch_D": 76.2927566218368,
        "StochRSI_K": 48.27479947378064,
        "StochRSI_D": 74.01447042293606,
        "BB_upper": 2644.8240818120034,
        "BB_lower": 2371.253918187996,
        "BB_middle": 2508.0389999999998,
        "EMA5": 2582.3444039900746,
        "EMA21": 2534.670067389848,
        "EMA55": 2536.5412704918945,
        "EMA144": 2543.915817471393,
        "EMA200": 2542.421042425504,
        "VWAP": 2561.5899206782697
      }
    }
  },
  "factors_main": {
    "factors": {
      "funding_rate": "0.0025%",
      "FGI": "56/100",
      "open_interest": "$597916530.000001 million"
    }
  },
  "data_summary": {
    "code": "0",
    "msg": "",
    "data": [
      {
        "instType": "SWAP",
        "instId": "ETH-USDT-SWAP",
        "last": "2502.64",
        "lastSz": "29.88",
        "askPx": "2502.64",
        "askSz": "290.94",
        "bidPx": "2502.63",
        "bidSz": "1026.97",
        "open24h": "2534.77",
        "high24h": "2549.99",
        "low24h": "2466",
        "volCcy24h": "2752762.737",
        "vol24h": "27527627.37",
        "ts": "1748803567323",
        "sodUtc0": "2527.07",
        "sodUtc8": "2521.95"
      }
    ]
  },
  "okx_positions": {
    "instrument_id": "ETH-USDT-SWAP",
    "balance": {
      "Available_Margin": "116691.05 USDT"
    },
    "positions": {
      "instrument_id": "ETH-USDT-SWAP",
      "Margin_Model": "cross",
      "Position direction": "net",
      "pos": "0 piece",
      "avgPrice": " USDT",
      "Unrealized Gains": " USDT",
      "liqPrice": " USDT",
      "lever": " x"
    },
    "orders": {
      "size": "N/A",
      "price": "N/A",
      "lever": "N/A",
      "direction": "N/A",
      "status": "N/A"
    }
  },
  "timestamp": "2025-06-02T02:46:08+08:00"
}