{
  "clipboard_image_path": "/root/codespace/Qwen_quant_v1/ETH_code/cache_screenshot/tradingview_clipboard_20250603_033406.png",
  "indicators_main": {
    "15m": {
      "indicators": {
        "ticker": "ETH-USDT-SWAP",
        "name": "ETHUSDT.P",
        "close": 2499.91,
        "volume": 900468.65,
        "RSI": 25.772045964841,
        "MACD_macd": -2.8526845380733903,
        "MACD_signal": 0.9103609937458513,
        "ATR": 14.575483424548931,
        "ADX": 30.978036417224377,
        "Stoch_K": 19.89549839228232,
        "Stoch_D": 24.200901391851072,
        "StochRSI_K": 0.0,
        "StochRSI_D": 9.416448029196069,
        "BB_upper": 2549.728481850165,
        "BB_lower": 2506.5325181498356,
        "BB_middle": 2528.1305,
        "EMA5": 2512.7420956283413,
        "EMA21": 2522.6630543124425,
        "EMA55": 2519.683234457059,
        "EMA144": 2520.933944791421,
        "EMA200": 2523.182116434819,
        "VWAP": 2514.035723228731
      }
    },
    "1h": {
      "indicators": {
        "ticker": "ETH-USDT-SWAP",
        "name": "ETHUSDT.P",
        "close": 2642.48,
        "volume": 2328406.31,
        "RSI": 54.53333028642229,
        "MACD_macd": 19.360169253753156,
        "MACD_signal": 20.635756708123406,
        "ATR": 35.63905392353433,
        "ADX": 12.119579336361587,
        "Stoch_K": 73.35531878910889,
        "Stoch_D": 77.65734185373178,
        "StochRSI_K": 61.676345365238625,
        "StochRSI_D": 60.150814000411,
        "BB_upper": 2672.0397319682434,
        "BB_lower": 2588.6612680317567,
        "BB_middle": 2630.3505,
        "EMA5": 2644.3992451109234,
        "EMA21": 2625.025815585125,
        "EMA55": 2588.3219210501197,
        "EMA144": 2558.5229845922167,
        "EMA200": 2553.082182681485,
        "VWAP": 2552.4960923164676
      }
    },
    "4h": {
      "indicators": {
        "ticker": "ETH-USDT-SWAP",
        "name": "ETHUSDT.P",
        "close": 2495.89,
        "volume": 13607650.46,
        "RSI": 52.82934340590605,
        "MACD_macd": -13.490299353531555,
        "MACD_signal": -19.098663160898496,
        "ATR": 69.85903044961216,
        "ADX": 15.29886764100457,
        "Stoch_K": 66.86909090909087,
        "Stoch_D": 64.56484848484847,
        "StochRSI_K": 79.14112128971709,
        "StochRSI_D": 75.3922663759091,
        "BB_upper": 2583.002724907664,
        "BB_lower": 2382.058275092336,
        "BB_middle": 2482.5305,
        "EMA5": 2487.3118829494388,
        "EMA21": 2493.0086428477257,
        "EMA55": 2524.613145685779,
        "EMA144": 2545.2411708600757,
        "EMA200": 2547.220113106434,
        "VWAP": 2557.895679411696
      }
    }
  },
  "factors_main": {
    "factors": {
      "funding_rate": "0.003%",
      "FGI": "64/100",
      "open_interest": "$632687059.0000008 million"
    }
  },
  "data_summary": {
    "code": "0",
    "msg": "",
    "data": [
      {
        "instType": "SWAP",
        "instId": "ETH-USDT-SWAP",
        "last": "2533.23",
        "lastSz": "0.04",
        "askPx": "2533.24",
        "askSz": "660.65",
        "bidPx": "2533.23",
        "bidSz": "3202.09",
        "open24h": "2519.12",
        "high24h": "2564.99",
        "low24h": "2473.64",
        "volCcy24h": "3512287.947",
        "vol24h": "35122879.47",
        "ts": "1748892854613",
        "sodUtc0": "2538.12",
        "sodUtc8": "2542.94"
      }
    ]
  },
  "okx_positions": {
    "instrument_id": "ETH-USDT-SWAP",
    "balance": {
      "Available_Margin": "116495.16 USDT"
    },
    "positions": {
      "instrument_id": "ETH-USDT-SWAP",
      "Margin_Model": "N/A",
      "Position direction": "N/A",
      "pos": "0",
      "avgPrice": "N/A",
      "Unrealized Gains": "N/A",
      "liqPrice": "N/A",
      "lever": "N/A"
    },
    "orders": {
      "size": "N/A",
      "price": "N/A",
      "lever": "N/A",
      "direction": "N/A",
      "status": "N/A"
    }
  },
  "timestamp": "2025-06-03T03:34:15+08:00"
}