{
  "clipboard_image_path": "/root/codespace/Qwen_quant_v1/ETH_code/cache_screenshot/tradingview_clipboard_20250601_170100.png",
  "indicators_main": {
    "15m": {
      "indicators": {
        "ticker": "ETH-USDT-SWAP",
        "name": "ETHUSDT.P",
        "close": 2519.08,
        "volume": 150257.04,
        "RSI": 45.2704701621916,
        "MACD_macd": -3.10720024418697,
        "MACD_signal": -3.350414045328376,
        "ATR": 10.352091906556964,
        "ADX": 16.19972496343022,
        "Stoch_K": 41.70333123821469,
        "Stoch_D": 40.362455478734084,
        "StochRSI_K": 59.08853552096323,
        "StochRSI_D": 56.95165155258771,
        "BB_upper": 2533.3647063377316,
        "BB_lower": 2509.847293662269,
        "BB_middle": 2521.606,
        "EMA5": 2519.867352543004,
        "EMA21": 2523.1160314523804,
        "EMA55": 2526.2705351464288,
        "EMA144": 2521.2106244088804,
        "EMA200": 2518.390536875534,
        "VWAP": 2523.686814112578
      }
    },
    "1h": {
      "indicators": {
        "ticker": "ETH-USDT-SWAP",
        "name": "ETHUSDT.P",
        "close": 2638.13,
        "volume": 687801.5,
        "RSI": 46.51023531132842,
        "MACD_macd": -9.949846487276318,
        "MACD_signal": -8.045054516113533,
        "ATR": 28.99544948468779,
        "ADX": 21.31838732056869,
        "Stoch_K": 38.80633673093451,
        "Stoch_D": 32.809365917556924,
        "StochRSI_K": 61.255818866452636,
        "StochRSI_D": 57.381451637066874,
        "BB_upper": 2692.2944021050525,
        "BB_lower": 2599.055597894948,
        "BB_middle": 2645.675,
        "EMA5": 2635.8918335302174,
        "EMA21": 2649.8604396867204,
        "EMA55": 2642.3441571990984,
        "EMA144": 2594.4382451308015,
        "EMA200": 2576.7057004556727,
        "VWAP": 2616.289766059045
      }
    },
    "4h": {
      "indicators": {
        "ticker": "ETH-USDT-SWAP",
        "name": "ETHUSDT.P",
        "close": 2529.6,
        "volume": 13740680.64,
        "RSI": 45.673238238087286,
        "MACD_macd": 14.793697958845314,
        "MACD_signal": 8.230568309085387,
        "ATR": 72.70963672178634,
        "ADX": 30.280755674753042,
        "Stoch_K": 41.672003546972654,
        "Stoch_D": 52.93035781729796,
        "StochRSI_K": 0.0,
        "StochRSI_D": 20.476629108205568,
        "BB_upper": 2635.1516218317593,
        "BB_lower": 2410.005378168241,
        "BB_middle": 2522.5785,
        "EMA5": 2557.0841795511446,
        "EMA21": 2535.292589959396,
        "EMA55": 2536.3331817086014,
        "EMA144": 2540.339153862582,
        "EMA200": 2537.246532662764,
        "VWAP": 2562.0614802113973
      }
    }
  },
  "factors_main": {
    "factors": {
      "funding_rate": "0.0032%",
      "FGI": "56/100",
      "open_interest": "$603957089.000001 million"
    }
  },
  "data_summary": {
    "code": "0",
    "msg": "",
    "data": [
      {
        "instType": "SWAP",
        "instId": "ETH-USDT-SWAP",
        "last": "2507.04",
        "lastSz": "1.23",
        "askPx": "2507.05",
        "askSz": "307.99",
        "bidPx": "2507.04",
        "bidSz": "776.92",
        "open24h": "2522.53",
        "high24h": "2549.99",
        "low24h": "2489.24",
        "volCcy24h": "2240122.567",
        "vol24h": "22401225.67",
        "ts": "1748768467822",
        "sodUtc0": "2527.07",
        "sodUtc8": "2535.28"
      }
    ]
  },
  "timestamp": "2025-06-01T09:01:08+00:00Z",
  "okx_positions": {
    "instrument_id": "ETH-USDT-SWAP",
    "balance": {
      "Available_Margin": "116174.64 USDT"
    },
    "positions": {
      "instrument_id": "ETH-USDT-SWAP",
      "Margin_Model": "cross",
      "Position direction": "net",
      "pos": "0 piece",
      "avgPrice": " USDT",
      "Unrealized Gains": " USDT",
      "liqPrice": " USDT",
      "lever": " x"
    },
    "orders": {
      "size": "23.2",
      "price": "2535",
      "lever": "100",
      "direction": "sell",
      "status": "live"
    }
  }
}