{
  "clipboard_image_path": "/root/codespace/Qwen_quant_v1/ETH_code/cache_screenshot/tradingview_clipboard_20250602_180059.png",
  "indicators_main": {
    "15m": {
      "indicators": {
        "ticker": "ETH-USDT-SWAP",
        "name": "ETHUSDT.P",
        "close": 2500.79,
        "volume": 330227.98,
        "RSI": 59.89085297132466,
        "MACD_macd": -4.896115347215982,
        "MACD_signal": -6.4181220080906956,
        "ATR": 12.353316919077447,
        "ADX": 43.72268329349191,
        "Stoch_K": 73.31951436185898,
        "Stoch_D": 67.75914620851103,
        "StochRSI_K": 100.0,
        "StochRSI_D": 75.9898749721523,
        "BB_upper": 2503.113887958883,
        "BB_lower": 2481.8611120411174,
        "BB_middle": 2492.4875,
        "EMA5": 2494.359353701696,
        "EMA21": 2497.044435023879,
        "EMA55": 2505.631200426855,
        "EMA144": 2502.987897822249,
        "EMA200": 2499.7121533990103,
        "VWAP": 2507.07022555621
      }
    },
    "1h": {
      "indicators": {
        "ticker": "ETH-USDT-SWAP",
        "name": "ETHUSDT.P",
        "close": 2726.77,
        "volume": 893892.04,
        "RSI": 69.45183063097726,
        "MACD_macd": 34.00686020061448,
        "MACD_signal": 29.40293778423844,
        "ATR": 31.446763869889978,
        "ADX": 26.55576719604926,
        "Stoch_K": 85.47270091802224,
        "Stoch_D": 85.13179792773933,
        "StochRSI_K": 64.55608321084935,
        "StochRSI_D": 68.27715802437268,
        "BB_upper": 2760.601077215711,
        "BB_lower": 2575.800922784289,
        "BB_middle": 2668.201,
        "EMA5": 2722.117922242382,
        "EMA21": 2676.328111680251,
        "EMA55": 2621.1235696923177,
        "EMA144": 2561.4058567464963,
        "EMA200": 2544.280007817699,
        "VWAP": 2574.7759380658586
      }
    },
    "4h": {
      "indicators": {
        "ticker": "ETH-USDT-SWAP",
        "name": "ETHUSDT.P",
        "close": 2590.82,
        "volume": 4380133.84,
        "RSI": 70.73628664052308,
        "MACD_macd": -0.0005151632544766471,
        "MACD_signal": -13.554198940100795,
        "ATR": 72.26137627116152,
        "ADX": 22.019850383236697,
        "Stoch_K": 96.37080049771879,
        "Stoch_D": 81.10211615327746,
        "StochRSI_K": 100.0,
        "StochRSI_D": 93.0470396846846,
        "BB_upper": 2592.48217126244,
        "BB_lower": 2376.89682873756,
        "BB_middle": 2484.6895,
        "EMA5": 2532.6541701997508,
        "EMA21": 2505.4587242409025,
        "EMA55": 2526.445875929467,
        "EMA144": 2536.6256378858775,
        "EMA200": 2534.0006998547965,
        "VWAP": 2558.969652213596
      }
    }
  },
  "factors_main": {
    "factors": {
      "funding_rate": "0.0029%",
      "FGI": "64/100",
      "open_interest": "$646892253.0000017 million"
    }
  },
  "data_summary": {
    "code": "0",
    "msg": "",
    "data": [
      {
        "instType": "SWAP",
        "instId": "ETH-USDT-SWAP",
        "last": "2482.48",
        "lastSz": "1.82",
        "askPx": "2482.48",
        "askSz": "18.96",
        "bidPx": "2482.47",
        "bidSz": "2633.07",
        "open24h": "2493.64",
        "high24h": "2546.96",
        "low24h": "2466",
        "volCcy24h": "3160785.254",
        "vol24h": "31607852.54",
        "ts": "1748858464586",
        "sodUtc0": "2538.12",
        "sodUtc8": "2521.95"
      }
    ]
  },
  "okx_positions": {},
  "timestamp": "2025-06-02T18:01:05+08:00"
}