{
  "clipboard_image_path": "/root/codespace/Qwen_quant_v1/ETH_code/cache_screenshot/tradingview_clipboard_20250601_131913.png",
  "indicators_main": {
    "15m": {
      "indicators": {
        "ticker": "ETH-USDT-SWAP",
        "name": "ETHUSDT.P",
        "close": 2518.1,
        "volume": 619279.39,
        "RSI": 49.23197862913104,
        "MACD_macd": -1.7660314437912348,
        "MACD_signal": -2.175526424867683,
        "ATR": 10.095547106924663,
        "ADX": 18.34074038460615,
        "Stoch_K": 68.63636363636321,
        "Stoch_D": 63.84925201380852,
        "StochRSI_K": 62.45766907131065,
        "StochRSI_D": 65.98943851966241,
        "BB_upper": 2525.06299100747,
        "BB_lower": 2512.7560089925296,
        "BB_middle": 2518.9094999999998,
        "EMA5": 2517.9939772491475,
        "EMA21": 2519.313247896813,
        "EMA55": 2523.253058490397,
        "EMA144": 2524.5387950433897,
        "EMA200": 2524.217176026803,
        "VWAP": 2524.3587743334992
      }
    },
    "1h": {
      "indicators": {
        "ticker": "ETH-USDT-SWAP",
        "name": "ETHUSDT.P",
        "close": 2633.69,
        "volume": 1321200.43,
        "RSI": 43.151619560424834,
        "MACD_macd": -8.072509845729655,
        "MACD_signal": -8.166986037225728,
        "ATR": 26.78999279139848,
        "ADX": 16.123072868761952,
        "Stoch_K": 33.353800810511984,
        "Stoch_D": 39.060133447951124,
        "StochRSI_K": 42.28146425540002,
        "StochRSI_D": 59.104107201776365,
        "BB_upper": 2662.7427401040204,
        "BB_lower": 2614.69725989598,
        "BB_middle": 2638.7200000000003,
        "EMA5": 2637.557028845475,
        "EMA21": 2646.5726628528214,
        "EMA55": 2642.400934504616,
        "EMA144": 2600.8315355083655,
        "EMA200": 2585.023005690767,
        "VWAP": 2618.488416454772
      }
    },
    "4h": {
      "indicators": {
        "ticker": "ETH-USDT-SWAP",
        "name": "ETHUSDT.P",
        "close": 2562.66,
        "volume": 18323487.31,
        "RSI": 54.76611056941951,
        "MACD_macd": 14.897970633182013,
        "MACD_signal": 9.561623649587307,
        "ATR": 76.63236296105782,
        "ADX": 27.24523536067079,
        "Stoch_K": 57.95852012414393,
        "Stoch_D": 50.08785326042324,
        "StochRSI_K": 31.259309753786095,
        "StochRSI_D": 14.80480456503897,
        "BB_upper": 2639.120168280061,
        "BB_lower": 2412.633831719938,
        "BB_middle": 2525.8769999999995,
        "EMA5": 2558.94278636743,
        "EMA21": 2537.780841102731,
        "EMA55": 2537.384042396312,
        "EMA144": 2541.694283496745,
        "EMA200": 2539.0444837615273,
        "VWAP": 2561.714793595232
      }
    }
  },
  "factors_main": {
    "factors": {
      "funding_rate": "0.0063%",
      "FGI": "56/100",
      "open_interest": "$589262666.0000007 million"
    }
  },
  "data_summary": {
    "code": "0",
    "msg": "",
    "data": [
      {
        "instType": "SWAP",
        "instId": "ETH-USDT-SWAP",
        "last": "2521.93",
        "lastSz": "0.01",
        "askPx": "2521.94",
        "askSz": "1567.24",
        "bidPx": "2521.93",
        "bidSz": "445.78",
        "open24h": "2514.87",
        "high24h": "2549.99",
        "low24h": "2489.24",
        "volCcy24h": "2254374.701",
        "vol24h": "22543747.01",
        "ts": "1748755164612",
        "sodUtc0": "2527.07",
        "sodUtc8": "2535.28"
      }
    ]
  },
  "timestamp": "2025-06-01T05:19:25+00:00Z",
  "okx_positions": {
    "instrument_id": "ETH-USDT-SWAP",
    "balance": {
      "Available_Margin": "115946.25 USDT"
    },
    "positions": {
      "instrument_id": "ETH-USDT-SWAP",
      "Margin_Model": "cross",
      "Position direction": "net",
      "pos": "0 piece",
      "avgPrice": " USDT",
      "Unrealized Gains": " USDT",
      "liqPrice": " USDT",
      "lever": " x"
    },
    "orders": {
      "size": "N/A",
      "price": "N/A",
      "lever": "N/A",
      "direction": "N/A",
      "status": "N/A"
    }
  }
}