{
  "clipboard_image_path": "/home/li-xufeng/codespace/taishang/data/cache_screenshot/tradingview_clipboard_20250607_201658.png",
  "indicators_main": {
    "1h": {
      "indicators": {
        "ticker": "ETH-USDT-SWAP",
        "name": "ETHUSDT.P",
        "close": 2605.81,
        "volume": 1647440.55,
        "RSI": 44.69024345858788,
        "MACD_macd": -0.6527120556711452,
        "MACD_signal": 0.9012263799407152,
        "ATR": 25.19322055635072,
        "ADX": 17.62465153852856,
        "Stoch_K": 38.50481310163747,
        "Stoch_D": 43.14706004917272,
        "StochRSI_K": 36.86062415395784,
        "StochRSI_D": 44.6810320204466,
        "BB_upper": 2638.7649773950357,
        "BB_lower": 2585.170022604964,
        "BB_middle": 2611.9674999999997,
        "EMA5": 2610.174604475289,
        "EMA21": 2614.2092165330037,
        "EMA55": 2599.2052639484396,
        "EMA144": 2557.3720753196444,
        "EMA200": 2543.760099129556,
        "VWAP": 2549.9707695278744
      }
    },
    "15m": {
      "indicators": {
        "ticker": "ETH-USDT-SWAP",
        "name": "ETHUSDT.P",
        "close": 2482.65,
        "volume": 543987.49,
        "RSI": 45.00168369055815,
        "MACD_macd": -5.2238120671108845,
        "MACD_signal": -2.882851960270716,
        "ATR": 14.74439684338163,
        "ADX": 22.62936021675108,
        "Stoch_K": 32.02185792349735,
        "Stoch_D": 24.53957519845402,
        "StochRSI_K": 49.71372510360908,
        "StochRSI_D": 33.93009717600999,
        "BB_upper": 2528.3345787556946,
        "BB_lower": 2461.8524212443053,
        "BB_middle": 2495.0935,
        "EMA5": 2480.0896816519853,
        "EMA21": 2488.8382602406336,
        "EMA55": 2490.7353014284568,
        "EMA144": 2490.5820977153003,
        "EMA200": 2490.9358616268933,
        "VWAP": 2491.0464645756783
      }
    },
    "4h": {
      "indicators": {
        "ticker": "ETH-USDT-SWAP",
        "name": "ETHUSDT.P",
        "close": 2549.9,
        "volume": 7826988.99,
        "RSI": 35.60978740091177,
        "MACD_macd": 13.519570441028463,
        "MACD_signal": 13.693260691710472,
        "ATR": 83.89867190541709,
        "ADX": 27.01518918673894,
        "Stoch_K": 26.141378480301796,
        "Stoch_D": 46.58888054606553,
        "StochRSI_K": 0.0,
        "StochRSI_D": 20.500587336788865,
        "BB_upper": 2708.9922335605474,
        "BB_lower": 2473.5887664394527,
        "BB_middle": 2591.2905,
        "EMA5": 2609.222519458104,
        "EMA21": 2602.544607082269,
        "EMA55": 2588.5848801961,
        "EMA144": 2561.5278177556593,
        "EMA200": 2549.7680220636425,
        "VWAP": 2583.5386586351083
      }
    }
  },
  "factors_main": {
    "factors": {
      "FGI": "52/100",
      "open_interest": "$3467431958597.998 million",
      "funding_rate": "0.0017%"
    }
  },
  "data_summary": {
    "code": "0",
    "msg": "",
    "data": [
      {
        "instType": "SWAP",
        "instId": "ETH-USDT-SWAP",
        "last": "2494",
        "lastSz": "15.4",
        "askPx": "2494",
        "askSz": "2733.32",
        "bidPx": "2493.99",
        "bidSz": "220.26",
        "open24h": "2475.99",
        "high24h": "2529.99",
        "low24h": "2455.92",
        "volCcy24h": "3143510.399",
        "vol24h": "31435103.99",
        "ts": "1749298618017",
        "sodUtc0": "2475.34",
        "sodUtc8": "2508.33"
      }
    ]
  },
  "okx_positions": {
    "instrument_id": "ETH-USDT-SWAP",
    "balance": {
      "Available_Margin": "116291.63 USDT"
    },
    "positions": {
      "instrument_id": "ETH-USDT-SWAP",
      "Margin_Model": "cross",
      "Position direction": "net",
      "pos": "0 piece",
      "avgPrice": " USDT",
      "Unrealized Gains": " USDT",
      "liqPrice": " USDT",
      "lever": " x"
    },
    "orders": {
      "size": "N/A",
      "price": "N/A",
      "lever": "N/A",
      "direction": "N/A",
      "status": "N/A",
      "algo_orders": {}
    }
  },
  "timestamp": "2025-06-07T20:16:58+08:00"
}