{
  "clipboard_image_path": "/home/li-xufeng/codespace/taishang/data/cache_screenshot/tradingview_clipboard_20250607_155132.png",
  "indicators_main": {
    "15m": {
      "indicators": {
        "ticker": "ETH-USDT-SWAP",
        "name": "ETHUSDT.P",
        "close": 2456.68,
        "volume": 209552.79,
        "RSI": 34.86471463977567,
        "MACD_macd": -8.086041100416423,
        "MACD_signal": -7.832845122454903,
        "ATR": 9.266654874966344,
        "ADX": 21.802577236200552,
        "Stoch_K": 22.456575682381608,
        "Stoch_D": 27.919994309847468,
        "StochRSI_K": 62.557277244023155,
        "StochRSI_D": 81.06084713294253,
        "BB_upper": 2489.183232250646,
        "BB_lower": 2447.8557677493545,
        "BB_middle": 2468.5195000000003,
        "EMA5": 2458.501089122437,
        "EMA21": 2467.8074574474063,
        "EMA55": 2478.591539881569,
        "EMA144": 2484.7712762484525,
        "EMA200": 2486.1346374441523,
        "VWAP": 2487.2940264529893
      }
    },
    "1h": {
      "indicators": {
        "ticker": "ETH-USDT-SWAP",
        "name": "ETHUSDT.P",
        "close": 2602.6,
        "volume": 2578879.47,
        "RSI": 45.12532383941756,
        "MACD_macd": -2.541819630390819,
        "MACD_signal": -0.7318764220182633,
        "ATR": 24.14681659045981,
        "ADX": 15.049204762364642,
        "Stoch_K": 21.545141488246564,
        "Stoch_D": 20.05584023476354,
        "StochRSI_K": 29.23549144875946,
        "StochRSI_D": 21.492204536924266,
        "BB_upper": 2637.5386572218576,
        "BB_lower": 2585.878342778142,
        "BB_middle": 2611.7084999999997,
        "EMA5": 2604.6029931819317,
        "EMA21": 2611.10622574289,
        "EMA55": 2600.5950616033574,
        "EMA144": 2562.252326179027,
        "EMA200": 2549.1164237027647,
        "VWAP": 2553.1028959417104
      }
    },
    "4h": {
      "indicators": {
        "ticker": "ETH-USDT-SWAP",
        "name": "ETHUSDT.P",
        "close": 2565.88,
        "volume": 12251169.09,
        "RSI": 44.24602826614287,
        "MACD_macd": 1.6182636593835014,
        "MACD_signal": 9.799177416564932,
        "ATR": 91.47207918471565,
        "ADX": 32.66267368170072,
        "Stoch_K": 40.80281690140849,
        "Stoch_D": 29.496656676532552,
        "StochRSI_K": 25.887581494489798,
        "StochRSI_D": 8.629193831496599,
        "BB_upper": 2707.940302887456,
        "BB_lower": 2478.2306971125445,
        "BB_middle": 2593.0855,
        "EMA5": 2572.9900086480466,
        "EMA21": 2591.6610565448427,
        "EMA55": 2584.944129505274,
        "EMA144": 2559.323748255467,
        "EMA200": 2547.2124302817933,
        "VWAP": 2581.8370267641753
      }
    }
  },
  "factors_main": {
    "factors": {
      "FGI": "52/100",
      "funding_rate": "0.0019%",
      "open_interest": "$3467211095682.998 million"
    }
  },
  "data_summary": {
    "code": "0",
    "msg": "",
    "data": [
      {
        "instType": "SWAP",
        "instId": "ETH-USDT-SWAP",
        "last": "2488.72",
        "lastSz": "8.43",
        "askPx": "2488.72",
        "askSz": "2572.38",
        "bidPx": "2488.71",
        "bidSz": "991.46",
        "open24h": "2451.35",
        "high24h": "2529.99",
        "low24h": "2450.69",
        "volCcy24h": "3512216.965",
        "vol24h": "35122169.65",
        "ts": "1749282691616",
        "sodUtc0": "2475.34",
        "sodUtc8": "2508.33"
      }
    ]
  },
  "okx_positions": {
    "instrument_id": "ETH-USDT-SWAP",
    "balance": {
      "Available_Margin": "116495.16 USDT"
    },
    "positions": {
      "instrument_id": "ETH-USDT-SWAP",
      "Margin_Model": "N/A",
      "Position direction": "N/A",
      "pos": "0",
      "avgPrice": "N/A",
      "Unrealized Gains": "N/A",
      "liqPrice": "N/A",
      "lever": "N/A"
    },
    "orders": {
      "size": "N/A",
      "price": "N/A",
      "lever": "N/A",
      "direction": "N/A",
      "status": "N/A",
      "algo_orders": {}
    }
  },
  "timestamp": "2025-06-07T15:51:34+08:00"
}