{
  "clipboard_image_path": "/home/li-xufeng/codespace/taishang/data/cache_screenshot/tradingview_clipboard_20250607_211611.png",
  "indicators_main": {
    "15m": {
      "indicators": {
        "ticker": "ETH-USDT-SWAP",
        "name": "ETHUSDT.P",
        "close": 2477.68,
        "volume": 273890.95,
        "RSI": 34.05671109403494,
        "MACD_macd": -4.094089898501352,
        "MACD_signal": 0.4643581736012028,
        "ATR": 17.77810761277033,
        "ADX": 23.452469530885946,
        "Stoch_K": 19.423906346271945,
        "Stoch_D": 11.400928868581206,
        "StochRSI_K": 17.18629668339155,
        "StochRSI_D": 5.728765561130516,
        "BB_upper": 2528.445445359835,
        "BB_lower": 2469.6505546401645,
        "BB_middle": 2499.048,
        "EMA5": 2480.509638363174,
        "EMA21": 2493.282693884804,
        "EMA55": 2492.838687658569,
        "EMA144": 2493.795080546905,
        "EMA200": 2495.1522050354383,
        "VWAP": 2492.062676214086
      }
    },
    "1h": {
      "indicators": {
        "ticker": "ETH-USDT-SWAP",
        "name": "ETHUSDT.P",
        "close": 2612.76,
        "volume": 963735.87,
        "RSI": 48.754362310776585,
        "MACD_macd": 0.030236026487273193,
        "MACD_signal": 1.2881303274583922,
        "ATR": 26.08141219729412,
        "ADX": 18.077095564310106,
        "Stoch_K": 47.19339917489699,
        "Stoch_D": 40.86760845105637,
        "StochRSI_K": 48.59888201322646,
        "StochRSI_D": 43.52422524886696,
        "BB_upper": 2642.1474897576845,
        "BB_lower": 2584.805510242316,
        "BB_middle": 2613.4765,
        "EMA5": 2612.356906712934,
        "EMA21": 2615.0493129971137,
        "EMA55": 2599.0204593090725,
        "EMA144": 2557.248328303212,
        "EMA200": 2543.950228275184,
        "VWAP": 2549.180291394064
      }
    },
    "4h": {
      "indicators": {
        "ticker": "ETH-USDT-SWAP",
        "name": "ETHUSDT.P",
        "close": 2549.9,
        "volume": 7826988.99,
        "RSI": 35.60978740091177,
        "MACD_macd": 13.519570441028463,
        "MACD_signal": 13.693260691710472,
        "ATR": 83.89867190541709,
        "ADX": 27.01518918673894,
        "Stoch_K": 26.141378480301796,
        "Stoch_D": 46.58888054606553,
        "StochRSI_K": 0.0,
        "StochRSI_D": 20.500587336788865,
        "BB_upper": 2708.9922335605474,
        "BB_lower": 2473.5887664394527,
        "BB_middle": 2591.2905,
        "EMA5": 2609.222519458104,
        "EMA21": 2602.544607082269,
        "EMA55": 2588.5848801961,
        "EMA144": 2561.5278177556593,
        "EMA200": 2549.7680220636425,
        "VWAP": 2583.5386586351083
      }
    }
  },
  "factors_main": {
    "factors": {
      "FGI": "52/100",
      "open_interest": "$3467435694422.0 million",
      "funding_rate": "0.0003%"
    }
  },
  "data_summary": {
    "code": "0",
    "msg": "",
    "data": [
      {
        "instType": "SWAP",
        "instId": "ETH-USDT-SWAP",
        "last": "2502.06",
        "lastSz": "0.02",
        "askPx": "2502.02",
        "askSz": "943.86",
        "bidPx": "2502.01",
        "bidSz": "3082.53",
        "open24h": "2482.88",
        "high24h": "2529.99",
        "low24h": "2455.92",
        "volCcy24h": "2929335.597",
        "vol24h": "29293355.97",
        "ts": "1749302170306",
        "sodUtc0": "2475.34",
        "sodUtc8": "2508.33"
      }
    ]
  },
  "okx_positions": {
    "instrument_id": "ETH-USDT-SWAP",
    "balance": {
      "Available_Margin": "110335.4 USDT"
    },
    "positions": {
      "instrument_id": "ETH-USDT-SWAP",
      "Margin_Model": "cross",
      "Position direction": "net",
      "pos": "1963.21 piece",
      "avgPrice": "2502.1929989150422015 USDT",
      "Unrealized Gains": "-20.220849999962027 USDT",
      "liqPrice": "1923.710519649586 USDT",
      "lever": "100 x"
    },
    "orders": {
      "size": "153.21",
      "price": "2505",
      "lever": "100",
      "direction": "sell",
      "status": "live",
      "algo_orders": {}
    }
  },
  "timestamp": "2025-06-07T21:16:11+08:00"
}