{
  "clipboard_image_path": "/home/li-xufeng/codespace/taishang/data/cache_screenshot/tradingview_clipboard_20250607_190959.png",
  "indicators_main": {
    "4h": {
      "indicators": {
        "ticker": "ETH-USDT-SWAP",
        "name": "ETHUSDT.P",
        "close": 2511.19,
        "volume": 25641167.95,
        "RSI": 30.04643071911306,
        "MACD_macd": 4.42885653709709,
        "MACD_signal": 11.842724147628076,
        "ATR": 94.65085070441755,
        "ADX": 30.040554100341595,
        "Stoch_K": 21.54577464788734,
        "Stoch_D": 34.39255981465954,
        "StochRSI_K": 0.0,
        "StochRSI_D": 9.576209833258877,
        "BB_upper": 2709.0771753851477,
        "BB_lower": 2473.411824614852,
        "BB_middle": 2591.2445,
        "EMA5": 2576.5450129720693,
        "EMA21": 2594.239348185256,
        "EMA55": 2585.713847393893,
        "EMA144": 2559.82115566347,
        "EMA200": 2547.8905830631516,
        "VWAP": 2581.8392934386766
      }
    },
    "15m": {
      "indicators": {
        "ticker": "ETH-USDT-SWAP",
        "name": "ETHUSDT.P",
        "close": 2477.69,
        "volume": 264713.65,
        "RSI": 38.00269613641291,
        "MACD_macd": -4.778216958773555,
        "MACD_signal": -4.165822914914603,
        "ATR": 12.04184855435453,
        "ADX": 19.445044286430914,
        "Stoch_K": 36.12940166046364,
        "Stoch_D": 33.14976909619601,
        "StochRSI_K": 58.245198416197574,
        "StochRSI_D": 71.2357134364901,
        "BB_upper": 2517.0547446137834,
        "BB_lower": 2458.8292553862166,
        "BB_middle": 2487.942,
        "EMA5": 2479.5362955261876,
        "EMA21": 2485.5571256538587,
        "EMA55": 2488.9973057180678,
        "EMA144": 2489.835700550848,
        "EMA200": 2490.33471505505,
        "VWAP": 2490.375239185546
      }
    },
    "1h": {
      "indicators": {
        "ticker": "ETH-USDT-SWAP",
        "name": "ETHUSDT.P",
        "close": 2608.86,
        "volume": 825190.43,
        "RSI": 46.930318065551965,
        "MACD_macd": -0.9376753804508553,
        "MACD_signal": 0.5337116367155809,
        "ATR": 23.699459852338723,
        "ADX": 15.932995904139839,
        "Stoch_K": 26.49354787318801,
        "Stoch_D": 37.39725338324082,
        "StochRSI_K": 22.141785466510232,
        "StochRSI_D": 35.867093736723255,
        "BB_upper": 2637.02493209145,
        "BB_lower": 2585.1510679085495,
        "BB_middle": 2611.0879999999997,
        "EMA5": 2609.736402983526,
        "EMA21": 2613.722890740683,
        "EMA55": 2599.5379607356226,
        "EMA144": 2557.967554136004,
        "EMA200": 2544.2386362045036,
        "VWAP": 2550.519298399476
      }
    }
  },
  "factors_main": {
    "factors": {
      "FGI": "52/100",
      "funding_rate": "0.0033%",
      "open_interest": "$3467386258929.998 million"
    }
  },
  "data_summary": {
    "code": "0",
    "msg": "",
    "data": [
      {
        "instType": "SWAP",
        "instId": "ETH-USDT-SWAP",
        "last": "2494.74",
        "lastSz": "25.96",
        "askPx": "2494.74",
        "askSz": "2234.95",
        "bidPx": "2494.73",
        "bidSz": "1531.34",
        "open24h": "2485.4",
        "high24h": "2529.99",
        "low24h": "2455.92",
        "volCcy24h": "3249217.005",
        "vol24h": "32492170.05",
        "ts": "1749294598714",
        "sodUtc0": "2475.34",
        "sodUtc8": "2508.33"
      }
    ]
  },
  "okx_positions": {
    "instrument_id": "ETH-USDT-SWAP",
    "balance": {
      "Available_Margin": "116291.63 USDT"
    },
    "positions": {
      "instrument_id": "ETH-USDT-SWAP",
      "Margin_Model": "cross",
      "Position direction": "net",
      "pos": "0 piece",
      "avgPrice": " USDT",
      "Unrealized Gains": " USDT",
      "liqPrice": " USDT",
      "lever": " x"
    },
    "orders": {
      "size": "N/A",
      "price": "N/A",
      "lever": "N/A",
      "direction": "N/A",
      "status": "N/A",
      "algo_orders": {}
    }
  },
  "timestamp": "2025-06-07T19:09:59+08:00"
}