{
  "clipboard_image_path": "/home/li-xufeng/codespace/taishang/data/cache_screenshot/tradingview_clipboard_20250607_182448.png",
  "indicators_main": {
    "1h": {
      "indicators": {
        "ticker": "ETH-USDT-SWAP",
        "name": "ETHUSDT.P",
        "close": 2617.3,
        "volume": 806138.26,
        "RSI": 53.007225989118915,
        "MACD_macd": -0.47313846941960946,
        "MACD_signal": 0.3374401506611296,
        "ATR": 22.43152862913457,
        "ADX": 13.952294325215274,
        "Stoch_K": 38.858254946480855,
        "Stoch_D": 34.618871973768776,
        "StochRSI_K": 46.256067972998366,
        "StochRSI_D": 35.086141195074696,
        "BB_upper": 2637.4833171848113,
        "BB_lower": 2585.312682815189,
        "BB_middle": 2611.398,
        "EMA5": 2612.2576019890175,
        "EMA21": 2614.0474417362584,
        "EMA55": 2599.939759834211,
        "EMA144": 2556.5842018551266,
        "EMA200": 2541.717266553282,
        "VWAP": 2551.0443940445793
      }
    },
    "4h": {
      "indicators": {
        "ticker": "ETH-USDT-SWAP",
        "name": "ETHUSDT.P",
        "close": 2511.19,
        "volume": 25641167.95,
        "RSI": 30.04643071911306,
        "MACD_macd": 4.42885653709709,
        "MACD_signal": 11.842724147628076,
        "ATR": 94.65085070441755,
        "ADX": 30.040554100341595,
        "Stoch_K": 21.54577464788734,
        "Stoch_D": 34.39255981465954,
        "StochRSI_K": 0.0,
        "StochRSI_D": 9.576209833258877,
        "BB_upper": 2709.0771753851477,
        "BB_lower": 2473.411824614852,
        "BB_middle": 2591.2445,
        "EMA5": 2576.5450129720693,
        "EMA21": 2594.239348185256,
        "EMA55": 2585.713847393893,
        "EMA144": 2559.82115566347,
        "EMA200": 2547.8905830631516,
        "VWAP": 2581.8392934386766
      }
    },
    "15m": {
      "indicators": {
        "ticker": "ETH-USDT-SWAP",
        "name": "ETHUSDT.P",
        "close": 2472.49,
        "volume": 1172548.28,
        "RSI": 37.33927150166026,
        "MACD_macd": -5.824539229690345,
        "MACD_signal": -4.933040895595694,
        "ATR": 12.409314074408758,
        "ADX": 16.2187090639465,
        "Stoch_K": 26.62043211522972,
        "Stoch_D": 18.1110000361195,
        "StochRSI_K": 55.098784700155676,
        "StochRSI_D": 36.74171293112381,
        "BB_upper": 2502.1458618091287,
        "BB_lower": 2460.862138190871,
        "BB_middle": 2481.504,
        "EMA5": 2473.8111246003523,
        "EMA21": 2481.91926660875,
        "EMA55": 2486.986633125719,
        "EMA144": 2487.7810663579135,
        "EMA200": 2487.867474785449,
        "VWAP": 2489.4028590253756
      }
    }
  },
  "factors_main": {
    "factors": {
      "FGI": "52/100",
      "open_interest": "$3467318920986.997 million",
      "funding_rate": "0.0035%"
    }
  },
  "data_summary": {
    "code": "0",
    "msg": "",
    "data": [
      {
        "instType": "SWAP",
        "instId": "ETH-USDT-SWAP",
        "last": "2492.96",
        "lastSz": "1",
        "askPx": "2492.97",
        "askSz": "2116.61",
        "bidPx": "2492.96",
        "bidSz": "784.08",
        "open24h": "2483.26",
        "high24h": "2529.99",
        "low24h": "2455.92",
        "volCcy24h": "3281803.093",
        "vol24h": "32818030.93",
        "ts": "1749291888052",
        "sodUtc0": "2475.34",
        "sodUtc8": "2508.33"
      }
    ]
  },
  "okx_positions": {
    "instrument_id": "ETH-USDT-SWAP",
    "balance": {
      "Available_Margin": "116088.23 USDT"
    },
    "positions": {
      "instrument_id": "ETH-USDT-SWAP",
      "Margin_Model": "N/A",
      "Position direction": "N/A",
      "pos": "0",
      "avgPrice": "N/A",
      "Unrealized Gains": "N/A",
      "liqPrice": "N/A",
      "lever": "N/A"
    },
    "orders": {
      "size": "155.33",
      "price": "2495",
      "lever": "100",
      "direction": "buy",
      "status": "live",
      "algo_orders": {}
    }
  },
  "timestamp": "2025-06-07T18:24:49+08:00"
}