{
  "clipboard_image_path": "/home/li-xufeng/codespace/taishang/src/screenshots/merged_tradingview_20250608_143835.png",
  "indicators_main": {
    "1h": {
      "indicators": {
        "ticker": "ETH-USDT-SWAP",
        "name": "ETHUSDT.P",
        "close": 2611.1,
        "volume": 656293.18,
        "RSI": 38.46508429155396,
        "MACD_macd": 8.734612932754771,
        "MACD_signal": 13.882970697705092,
        "ATR": 23.868457317894865,
        "ADX": 14.701067132218181,
        "Stoch_K": 21.10048962462097,
        "Stoch_D": 36.73739022305094,
        "StochRSI_K": 0.0,
        "StochRSI_D": 14.501161943658607,
        "BB_upper": 2660.1503686079886,
        "BB_lower": 2599.4226313920108,
        "BB_middle": 2629.7864999999997,
        "EMA5": 2623.4156427304415,
        "EMA21": 2622.608411189714,
        "EMA55": 2588.4503624930057,
        "EMA144": 2547.5017712736567,
        "EMA200": 2537.886500713752,
        "VWAP": 2536.750030604254
      }
    },
    "15m": {
      "indicators": {
        "ticker": "ETH-USDT-SWAP",
        "name": "ETHUSDT.P",
        "close": 2492.16,
        "volume": 132353.06,
        "RSI": 54.147815808227016,
        "MACD_macd": -2.1624575828209345,
        "MACD_signal": -3.2470192421920148,
        "ATR": 8.570426352519195,
        "ADX": 19.960870271066714,
        "Stoch_K": 57.33202550269675,
        "Stoch_D": 48.618603890795754,
        "StochRSI_K": 57.21947024865528,
        "StochRSI_D": 50.51369926842406,
        "BB_upper": 2496.862567618147,
        "BB_lower": 2480.4164323818527,
        "BB_middle": 2488.6394999999998,
        "EMA5": 2490.409698307309,
        "EMA21": 2491.093474163571,
        "EMA55": 2498.3256550185088,
        "EMA144": 2506.2289084945314,
        "EMA200": 2507.992336184337,
        "VWAP": 2508.7834366627126
      }
    },
    "4h": {
      "indicators": {
        "ticker": "ETH-USDT-SWAP",
        "name": "ETHUSDT.P",
        "close": 2663.77,
        "volume": 10246311.38,
        "RSI": 62.78757982484117,
        "MACD_macd": 21.709687198545907,
        "MACD_signal": 5.953611195558595,
        "ATR": 74.67666126667365,
        "ADX": 26.4516195457143,
        "Stoch_K": 70.42947368421052,
        "Stoch_D": 67.15718117532313,
        "StochRSI_K": 50.97860335316986,
        "StochRSI_D": 50.58479662530724,
        "BB_upper": 2696.907199487493,
        "BB_lower": 2442.0098005125064,
        "BB_middle": 2569.4584999999997,
        "EMA5": 2648.3290047566493,
        "EMA21": 2598.1400326856683,
        "EMA55": 2585.0717013380804,
        "EMA144": 2562.837195897727,
        "EMA200": 2553.4111790765287,
        "VWAP": 2580.366491904468
      }
    }
  },
  "factors_main": {
    "factors": {
      "FGI": "62/100",
      "funding_rate": "-0.0148%",
      "open_interest": "$3471890613918.004 million"
    }
  },
  "data_summary": {
    "code": "0",
    "msg": "",
    "data": [
      {
        "instType": "SWAP",
        "instId": "ETH-USDT-SWAP",
        "last": "2514.33",
        "lastSz": "37.92",
        "askPx": "2514.33",
        "askSz": "1736.26",
        "bidPx": "2514.32",
        "bidSz": "981.78",
        "open24h": "2487.71",
        "high24h": "2544.92",
        "low24h": "2480.47",
        "volCcy24h": "1974293.114",
        "vol24h": "19742931.14",
        "ts": "1749364692012",
        "sodUtc0": "2523.51",
        "sodUtc8": "2518.15"
      }
    ]
  },
  "okx_positions": {
    "instrument_id": "ETH-USDT-SWAP",
    "balance": {
      "Available_Margin": "115340.31 USDT"
    },
    "positions": {
      "instrument_id": "ETH-USDT-SWAP",
      "Margin_Model": "cross",
      "Position direction": "net",
      "pos": "414.48 piece",
      "avgPrice": "2515.5926061571125267 USDT",
      "Unrealized Gains": "-54.81938000000551 USDT",
      "liqPrice": " USDT",
      "lever": "100 x"
    },
    "orders": {
      "size": "N/A",
      "price": "N/A",
      "lever": "N/A",
      "direction": "N/A",
      "status": "N/A",
      "algo_orders": {}
    }
  },
  "timestamp": "2025-06-08T14:38:36+08:00"
}