{
  "clipboard_image_path": "/home/li-xufeng/codespace/taishang/data/cache_screenshot/tradingview_clipboard_20250607_213821.png",
  "indicators_main": {
    "4h": {
      "indicators": {
        "ticker": "ETH-USDT-SWAP",
        "name": "ETHUSDT.P",
        "close": 2549.9,
        "volume": 7826988.99,
        "RSI": 35.60978740091177,
        "MACD_macd": 13.519570441028463,
        "MACD_signal": 13.693260691710472,
        "ATR": 83.89867190541709,
        "ADX": 27.01518918673894,
        "Stoch_K": 26.141378480301796,
        "Stoch_D": 46.58888054606553,
        "StochRSI_K": 0.0,
        "StochRSI_D": 20.500587336788865,
        "BB_upper": 2708.9922335605474,
        "BB_lower": 2473.5887664394527,
        "BB_middle": 2591.2905,
        "EMA5": 2609.222519458104,
        "EMA21": 2602.544607082269,
        "EMA55": 2588.5848801961,
        "EMA144": 2561.5278177556593,
        "EMA200": 2549.7680220636425,
        "VWAP": 2583.5386586351083
      }
    },
    "1h": {
      "indicators": {
        "ticker": "ETH-USDT-SWAP",
        "name": "ETHUSDT.P",
        "close": 2612.76,
        "volume": 963735.87,
        "RSI": 48.754362310776585,
        "MACD_macd": 0.030236026487273193,
        "MACD_signal": 1.2881303274583922,
        "ATR": 26.08141219729412,
        "ADX": 18.077095564310106,
        "Stoch_K": 47.19339917489699,
        "Stoch_D": 40.86760845105637,
        "StochRSI_K": 48.59888201322646,
        "StochRSI_D": 43.52422524886696,
        "BB_upper": 2642.1474897576845,
        "BB_lower": 2584.805510242316,
        "BB_middle": 2613.4765,
        "EMA5": 2612.356906712934,
        "EMA21": 2615.0493129971137,
        "EMA55": 2599.0204593090725,
        "EMA144": 2557.248328303212,
        "EMA200": 2543.950228275184,
        "VWAP": 2549.180291394064
      }
    },
    "15m": {
      "indicators": {
        "ticker": "ETH-USDT-SWAP",
        "name": "ETHUSDT.P",
        "close": 2472.28,
        "volume": 2352297.67,
        "RSI": 25.72152044812188,
        "MACD_macd": -3.2035319156816513,
        "MACD_signal": 1.6038691447805702,
        "ATR": 19.50088885376574,
        "ADX": 25.26965250295613,
        "Stoch_K": 11.105976586568206,
        "Stoch_D": 11.336319203837869,
        "StochRSI_K": 0.0,
        "StochRSI_D": 3.752631686067407,
        "BB_upper": 2527.7075970986316,
        "BB_lower": 2471.4504029013688,
        "BB_middle": 2499.579,
        "EMA5": 2481.924457544761,
        "EMA21": 2494.842974448405,
        "EMA55": 2493.4039443384713,
        "EMA144": 2494.0558630498167,
        "EMA200": 2495.3798253936134,
        "VWAP": 2492.3494095104506
      }
    }
  },
  "factors_main": {
    "factors": {
      "open_interest": "$3467467010174.9985 million",
      "funding_rate": "-0.0%",
      "FGI": "52/100"
    }
  },
  "data_summary": {
    "code": "0",
    "msg": "",
    "data": [
      {
        "instType": "SWAP",
        "instId": "ETH-USDT-SWAP",
        "last": "2504.45",
        "lastSz": "54.9",
        "askPx": "2504.49",
        "askSz": "153",
        "bidPx": "2504.48",
        "bidSz": "3461.08",
        "open24h": "2487.51",
        "high24h": "2529.99",
        "low24h": "2455.92",
        "volCcy24h": "2903756.155",
        "vol24h": "29037561.55",
        "ts": "1749303500907",
        "sodUtc0": "2475.34",
        "sodUtc8": "2508.33"
      }
    ]
  },
  "okx_positions": {
    "instrument_id": "ETH-USDT-SWAP",
    "balance": {
      "Available_Margin": "115672.22 USDT"
    },
    "positions": {
      "instrument_id": "ETH-USDT-SWAP",
      "Margin_Model": "cross",
      "Position direction": "net",
      "pos": "0 piece",
      "avgPrice": " USDT",
      "Unrealized Gains": " USDT",
      "liqPrice": " USDT",
      "lever": " x"
    },
    "orders": {
      "size": "N/A",
      "price": "N/A",
      "lever": "N/A",
      "direction": "N/A",
      "status": "N/A",
      "algo_orders": {}
    }
  },
  "timestamp": "2025-06-07T21:38:28+08:00"
}