{
  "clipboard_image_path": "/home/li-xufeng/codespace/taishang/data/cache_screenshot/tradingview_clipboard_20250605_232830.png",
  "indicators_main": {
    "15m": {
      "indicators": {
        "ticker": "ETH-USDT-SWAP",
        "name": "ETHUSDT.P",
        "close": 2611.82,
        "volume": 660786.8,
        "RSI": 24.62939504725756,
        "MACD_macd": 2.4092174043030354,
        "MACD_signal": 7.508985780552341,
        "ATR": 19.23281949666531,
        "ADX": 42.473709011555734,
        "Stoch_K": 10.898203592814431,
        "Stoch_D": 19.307266773454526,
        "StochRSI_K": 0.0,
        "StochRSI_D": 0.0,
        "BB_upper": 2672.4766810883975,
        "BB_lower": 2611.757318911602,
        "BB_middle": 2642.1169999999997,
        "EMA5": 2629.0871884159046,
        "EMA21": 2637.488403124709,
        "EMA55": 2627.3505060628872,
        "EMA144": 2611.8166151654646,
        "EMA200": 2606.298690199832,
        "VWAP": 2616.0169984449344
      }
    },
    "1h": {
      "indicators": {
        "ticker": "ETH-USDT-SWAP",
        "name": "ETHUSDT.P",
        "close": 2496.11,
        "volume": 735865.31,
        "RSI": 38.41739839701278,
        "MACD_macd": -9.794114104971868,
        "MACD_signal": -8.210417569260986,
        "ATR": 26.505260084634266,
        "ADX": 43.846937178946156,
        "Stoch_K": 37.19120553359698,
        "Stoch_D": 26.095293773592967,
        "StochRSI_K": 28.154835234758025,
        "StochRSI_D": 9.384945078252684,
        "BB_upper": 2553.3368724156967,
        "BB_lower": 2476.1851275843032,
        "BB_middle": 2514.761,
        "EMA5": 2500.390443402898,
        "EMA21": 2516.384286828655,
        "EMA55": 2542.033512127362,
        "EMA144": 2569.973782086546,
        "EMA200": 2575.5783779748167,
        "VWAP": 2583.6484047988333
      }
    },
    "4h": {
      "indicators": {
        "ticker": "ETH-USDT-SWAP",
        "name": "ETHUSDT.P",
        "close": 2526.99,
        "volume": 5486383.43,
        "RSI": 45.49050912747175,
        "MACD_macd": -17.482463648981593,
        "MACD_signal": -13.960224045966084,
        "ATR": 70.6927461189806,
        "ADX": 25.259678951905325,
        "Stoch_K": 41.95773832497092,
        "Stoch_D": 44.139888953632884,
        "StochRSI_K": 68.04023604457316,
        "StochRSI_D": 72.38412141018212,
        "BB_upper": 2708.7170576965773,
        "BB_lower": 2439.5949423034226,
        "BB_middle": 2574.156,
        "EMA5": 2529.144174479765,
        "EMA21": 2551.051388773033,
        "EMA55": 2570.0232267035262,
        "EMA144": 2584.6824792601587,
        "EMA200": 2588.99486184913,
        "VWAP": 2586.3200859507983
      }
    }
  },
  "factors_main": {
    "factors": {
      "funding_rate": "-0.0165%",
      "FGI": "57/100",
      "open_interest": "$3467052562178.009 million"
    }
  },
  "data_summary": {
    "code": "0",
    "msg": "",
    "data": [
      {
        "instType": "SWAP",
        "instId": "ETH-USDT-SWAP",
        "last": "2599.43",
        "lastSz": "0.03",
        "askPx": "2599.39",
        "askSz": "1299.71",
        "bidPx": "2599.38",
        "bidSz": "1457.57",
        "open24h": "2648.48",
        "high24h": "2678.78",
        "low24h": "2561",
        "volCcy24h": "4379109.797",
        "vol24h": "43791097.97",
        "ts": "1749137320109",
        "sodUtc0": "2606.76",
        "sodUtc8": "2666.81"
      }
    ]
  },
  "okx_positions": {
    "instrument_id": "ETH-USDT-SWAP",
    "balance": {
      "Available_Margin": "116495.16 USDT"
    },
    "positions": {
      "instrument_id": "ETH-USDT-SWAP",
      "Margin_Model": "N/A",
      "Position direction": "N/A",
      "pos": "0",
      "avgPrice": "N/A",
      "Unrealized Gains": "N/A",
      "liqPrice": "N/A",
      "lever": "N/A"
    },
    "orders": {
      "size": "N/A",
      "price": "N/A",
      "lever": "N/A",
      "direction": "N/A",
      "status": "N/A",
      "algo_orders": {}
    }
  },
  "timestamp": "2025-06-05T23:28:40+08:00"
}