{
  "clipboard_image_path": "/home/li-xufeng/codespace/taishang/data/cache_screenshot/tradingview_clipboard_20250607_161222.png",
  "indicators_main": {
    "1h": {
      "indicators": {
        "ticker": "ETH-USDT-SWAP",
        "name": "ETHUSDT.P",
        "close": 2591.29,
        "volume": 858795.9,
        "RSI": 36.273611973904146,
        "MACD_macd": -2.1139892017113198,
        "MACD_signal": -0.27215133513231793,
        "ATR": 23.147863094257175,
        "ADX": 16.51077170308907,
        "Stoch_K": 3.2057125493772745,
        "Stoch_D": 25.826878054174973,
        "StochRSI_K": 0.0,
        "StochRSI_D": 27.165725758828454,
        "BB_upper": 2638.183215486768,
        "BB_lower": 2584.1937845132325,
        "BB_middle": 2611.1885,
        "EMA5": 2605.604489772897,
        "EMA21": 2611.9560476996357,
        "EMA55": 2600.246856406358,
        "EMA144": 2559.152097957212,
        "EMA200": 2544.852016859319,
        "VWAP": 2552.0686006477044
      }
    },
    "15m": {
      "indicators": {
        "ticker": "ETH-USDT-SWAP",
        "name": "ETHUSDT.P",
        "close": 2459.61,
        "volume": 198992.29,
        "RSI": 39.24692054517693,
        "MACD_macd": -8.16176209848527,
        "MACD_signal": -7.768889323462341,
        "ATR": 9.883063154887854,
        "ADX": 24.16306530174812,
        "Stoch_K": 27.501352082206783,
        "Stoch_D": 24.79718766901046,
        "StochRSI_K": 82.80317699100364,
        "StochRSI_D": 61.00287745491189,
        "BB_upper": 2489.4975206760264,
        "BB_lower": 2449.366479323973,
        "BB_middle": 2469.432,
        "EMA5": 2459.4116336836555,
        "EMA21": 2468.920130553866,
        "EMA55": 2479.3782236719117,
        "EMA144": 2484.9340822844656,
        "EMA200": 2486.0925319519397,
        "VWAP": 2487.4736516677067
      }
    },
    "4h": {
      "indicators": {
        "ticker": "ETH-USDT-SWAP",
        "name": "ETHUSDT.P",
        "close": 2511.19,
        "volume": 25641167.95,
        "RSI": 30.04643071911306,
        "MACD_macd": 4.42885653709709,
        "MACD_signal": 11.842724147628076,
        "ATR": 94.65085070441755,
        "ADX": 30.040554100341595,
        "Stoch_K": 21.54577464788734,
        "Stoch_D": 34.39255981465954,
        "StochRSI_K": 0.0,
        "StochRSI_D": 9.576209833258877,
        "BB_upper": 2709.0771753851477,
        "BB_lower": 2473.411824614852,
        "BB_middle": 2591.2445,
        "EMA5": 2576.5450129720693,
        "EMA21": 2594.239348185256,
        "EMA55": 2585.713847393893,
        "EMA144": 2559.82115566347,
        "EMA200": 2547.8905830631516,
        "VWAP": 2581.8392934386766
      }
    }
  },
  "factors_main": {
    "factors": {
      "FGI": "52/100",
      "funding_rate": "0.0014%",
      "open_interest": "$3467224263453.0 million"
    }
  },
  "data_summary": {
    "code": "0",
    "msg": "",
    "data": [
      {
        "instType": "SWAP",
        "instId": "ETH-USDT-SWAP",
        "last": "2486.86",
        "lastSz": "10",
        "askPx": "2486.86",
        "askSz": "2738.76",
        "bidPx": "2486.85",
        "bidSz": "1519.22",
        "open24h": "2459",
        "high24h": "2529.99",
        "low24h": "2455.92",
        "volCcy24h": "3488911.08",
        "vol24h": "34889110.8",
        "ts": "1749283941415",
        "sodUtc0": "2475.34",
        "sodUtc8": "2508.33"
      }
    ]
  },
  "okx_positions": {
    "instrument_id": "ETH-USDT-SWAP",
    "balance": {
      "Available_Margin": "116495.16 USDT"
    },
    "positions": {
      "instrument_id": "ETH-USDT-SWAP",
      "Margin_Model": "N/A",
      "Position direction": "N/A",
      "pos": "0",
      "avgPrice": "N/A",
      "Unrealized Gains": "N/A",
      "liqPrice": "N/A",
      "lever": "N/A"
    },
    "orders": {
      "size": "N/A",
      "price": "N/A",
      "lever": "N/A",
      "direction": "N/A",
      "status": "N/A",
      "algo_orders": {}
    }
  },
  "timestamp": "2025-06-07T16:12:24+08:00"
}