{
  "clipboard_image_path": "/home/li-xufeng/codespace/taishang/data/cache_screenshot/tradingview_clipboard_20250608_024215.png",
  "indicators_main": {
    "15m": {
      "indicators": {
        "ticker": "ETH-USDT-SWAP",
        "name": "ETHUSDT.P",
        "close": 2486.4,
        "volume": 261455.59,
        "RSI": 43.77198858020579,
        "MACD_macd": 2.4006372528733664,
        "MACD_signal": 2.902046661343917,
        "ATR": 12.400780711426274,
        "ADX": 19.039237402275134,
        "Stoch_K": 22.62495230828036,
        "Stoch_D": 46.14015006994862,
        "StochRSI_K": 3.1298974690428296,
        "StochRSI_D": 31.498874970946446,
        "BB_upper": 2502.6197725294637,
        "BB_lower": 2481.8532274705362,
        "BB_middle": 2492.2365,
        "EMA5": 2491.7083201951928,
        "EMA21": 2490.0827787290445,
        "EMA55": 2488.7404799683145,
        "EMA144": 2497.035145719632,
        "EMA200": 2501.010115165568,
        "VWAP": 2493.1373641954783
      }
    },
    "1h": {
      "indicators": {
        "ticker": "ETH-USDT-SWAP",
        "name": "ETHUSDT.P",
        "close": 2646.86,
        "volume": 3464303.88,
        "RSI": 66.55089172463101,
        "MACD_macd": 3.2517990850042224,
        "MACD_signal": 1.9541475939776625,
        "ATR": 29.23183526042049,
        "ADX": 26.14772637744774,
        "Stoch_K": 89.82372796599589,
        "Stoch_D": 65.25081599097125,
        "StochRSI_K": 100.0,
        "StochRSI_D": 82.64444984799194,
        "BB_upper": 2651.1715890796913,
        "BB_lower": 2586.1704109203083,
        "BB_middle": 2618.671,
        "EMA5": 2625.6115103513357,
        "EMA21": 2617.5922277034433,
        "EMA55": 2596.957859207425,
        "EMA144": 2556.2069841479774,
        "EMA200": 2544.580118443299,
        "VWAP": 2545.514565034397
      }
    },
    "4h": {
      "indicators": {
        "ticker": "ETH-USDT-SWAP",
        "name": "ETHUSDT.P",
        "close": 2628.29,
        "volume": 11710100.69,
        "RSI": 52.75232709022045,
        "MACD_macd": 20.975185626298753,
        "MACD_signal": 13.719382590722315,
        "ATR": 74.72155483043258,
        "ADX": 24.884593056841485,
        "Stoch_K": 55.49052631578946,
        "Stoch_D": 59.461052631579,
        "StochRSI_K": 28.728691952756535,
        "StochRSI_D": 34.698537736457325,
        "BB_upper": 2712.8204585921853,
        "BB_lower": 2464.1565414078145,
        "BB_middle": 2588.4885,
        "EMA5": 2638.8837791871556,
        "EMA21": 2607.8109811307268,
        "EMA55": 2590.6723433490306,
        "EMA144": 2567.750875728174,
        "EMA200": 2558.6733154550016,
        "VWAP": 2583.4462238759224
      }
    }
  },
  "factors_main": {
    "factors": {
      "FGI": "52/100",
      "open_interest": "$3467557601490.007 million",
      "funding_rate": "0.0021%"
    }
  },
  "data_summary": {
    "code": "0",
    "msg": "",
    "data": [
      {
        "instType": "SWAP",
        "instId": "ETH-USDT-SWAP",
        "last": "2513",
        "lastSz": "20",
        "askPx": "2513",
        "askSz": "2036.82",
        "bidPx": "2512.99",
        "bidSz": "31.59",
        "open24h": "2490.3",
        "high24h": "2524.63",
        "low24h": "2455.92",
        "volCcy24h": "2277838.517",
        "vol24h": "22778385.17",
        "ts": "1749321734725",
        "sodUtc0": "2475.34",
        "sodUtc8": "2518.15"
      }
    ]
  },
  "okx_positions": {
    "instrument_id": "ETH-USDT-SWAP",
    "balance": {
      "Available_Margin": "117016.92 USDT"
    },
    "positions": {
      "instrument_id": "ETH-USDT-SWAP",
      "Margin_Model": "cross",
      "Position direction": "net",
      "pos": "0 piece",
      "avgPrice": " USDT",
      "Unrealized Gains": " USDT",
      "liqPrice": " USDT",
      "lever": " x"
    },
    "orders": {
      "size": "58.58",
      "price": "2490",
      "lever": "100",
      "direction": "buy",
      "status": "live",
      "algo_orders": {}
    }
  },
  "timestamp": "2025-06-08T02:42:15+08:00"
}