{
  "clipboard_image_path": "/home/li-xufeng/codespace/taishang/data/cache_screenshot/tradingview_clipboard_20250606_010904.png",
  "indicators_main": {
    "15m": {
      "indicators": {
        "ticker": "ETH-USDT-SWAP",
        "name": "ETHUSDT.P",
        "close": 2658.55,
        "volume": 682697.69,
        "RSI": 72.93618281843474,
        "MACD_macd": 10.681782979533182,
        "MACD_signal": 8.332890402405399,
        "ATR": 12.773408831540525,
        "ADX": 51.871348522053154,
        "Stoch_K": 79.39601627757575,
        "Stoch_D": 77.90516430626705,
        "StochRSI_K": 49.035377760485574,
        "StochRSI_D": 41.27500544351931,
        "BB_upper": 2665.308467129101,
        "BB_lower": 2601.332532870899,
        "BB_middle": 2633.3205,
        "EMA5": 2652.55844582486,
        "EMA21": 2636.6374235017797,
        "EMA55": 2622.828597611194,
        "EMA144": 2602.712704482798,
        "EMA200": 2594.8151866407184,
        "VWAP": 2605.989381385417
      }
    },
    "1h": {
      "indicators": {
        "ticker": "ETH-USDT-SWAP",
        "name": "ETHUSDT.P",
        "close": 2492.87,
        "volume": 1237276.62,
        "RSI": 30.17963675819979,
        "MACD_macd": -6.830537144907794,
        "MACD_signal": -7.46586840537989,
        "ATR": 26.756459315015096,
        "ADX": 36.60492698550544,
        "Stoch_K": 19.66433981880261,
        "Stoch_D": 39.49197953818535,
        "StochRSI_K": 0.0,
        "StochRSI_D": 12.53575936808065,
        "BB_upper": 2552.0306458732957,
        "BB_lower": 2479.431354126704,
        "BB_middle": 2515.7309999999998,
        "EMA5": 2512.1209976565215,
        "EMA21": 2521.915633280386,
        "EMA55": 2545.1966528399093,
        "EMA144": 2565.0559858962542,
        "EMA200": 2566.7621289327876,
        "VWAP": 2585.0078571329286
      }
    },
    "4h": {
      "indicators": {
        "ticker": "ETH-USDT-SWAP",
        "name": "ETHUSDT.P",
        "close": 2552.33,
        "volume": 11489741.66,
        "RSI": 52.57419613718812,
        "MACD_macd": -17.723622632793194,
        "MACD_signal": -13.066311526201865,
        "ATR": 72.23473809136576,
        "ADX": 26.578785278476055,
        "Stoch_K": 54.18274797375523,
        "Stoch_D": 39.82392483144023,
        "StochRSI_K": 91.84292218139437,
        "StochRSI_D": 60.88053509474025,
        "BB_upper": 2717.8219090324387,
        "BB_lower": 2443.2910909675616,
        "BB_middle": 2580.5565,
        "EMA5": 2530.221261719647,
        "EMA21": 2553.456050938018,
        "EMA55": 2571.1117615740013,
        "EMA144": 2580.811937950192,
        "EMA200": 2582.7439142184253,
        "VWAP": 2587.0636396417185
      }
    }
  },
  "factors_main": {
    "factors": {
      "open_interest": "$3466326606699.0044 million",
      "funding_rate": "-0.0579%",
      "FGI": "57/100"
    }
  },
  "data_summary": {
    "code": "0",
    "msg": "",
    "data": [
      {
        "instType": "SWAP",
        "instId": "ETH-USDT-SWAP",
        "last": "2571.29",
        "lastSz": "10",
        "askPx": "2571.29",
        "askSz": "392.7",
        "bidPx": "2571.28",
        "bidSz": "2348.38",
        "open24h": "2649.86",
        "high24h": "2654",
        "low24h": "2551.09",
        "volCcy24h": "4376944.301",
        "vol24h": "43769443.01",
        "ts": "1749143343012",
        "sodUtc0": "2606.76",
        "sodUtc8": "2588.31"
      }
    ]
  },
  "okx_positions": {
    "instrument_id": "ETH-USDT-SWAP",
    "balance": {
      "Available_Margin": "116495.16 USDT"
    },
    "positions": {
      "instrument_id": "ETH-USDT-SWAP",
      "Margin_Model": "N/A",
      "Position direction": "N/A",
      "pos": "0",
      "avgPrice": "N/A",
      "Unrealized Gains": "N/A",
      "liqPrice": "N/A",
      "lever": "N/A"
    },
    "orders": {
      "size": "N/A",
      "price": "N/A",
      "lever": "N/A",
      "direction": "N/A",
      "status": "N/A",
      "algo_orders": {}
    }
  },
  "timestamp": "2025-06-06T01:09:08+08:00"
}