{
  "clipboard_image_path": "/home/li-xufeng/codespace/taishang/data/cache_screenshot/tradingview_clipboard_20250607_200618.png",
  "indicators_main": {
    "15m": {
      "indicators": {
        "ticker": "ETH-USDT-SWAP",
        "name": "ETHUSDT.P",
        "close": 2483.76,
        "volume": 221322.62,
        "RSI": 46.80682793058797,
        "MACD_macd": -4.909109565686322,
        "MACD_signal": -3.2882536080967553,
        "ATR": 13.962477715538855,
        "ADX": 22.761190951268446,
        "Stoch_K": 34.04371584699486,
        "Stoch_D": 30.467515661084843,
        "StochRSI_K": 79.63298487903697,
        "StochRSI_D": 55.913302728574614,
        "BB_upper": 2527.196911857068,
        "BB_lower": 2460.784088142932,
        "BB_middle": 2493.9905,
        "EMA5": 2481.3131211013238,
        "EMA21": 2488.376619085844,
        "EMA55": 2490.4930312503216,
        "EMA144": 2490.552829942572,
        "EMA200": 2490.960107876289,
        "VWAP": 2490.983885953305
      }
    },
    "4h": {
      "indicators": {
        "ticker": "ETH-USDT-SWAP",
        "name": "ETHUSDT.P",
        "close": 2549.9,
        "volume": 7826988.99,
        "RSI": 35.60978740091177,
        "MACD_macd": 13.519570441028463,
        "MACD_signal": 13.693260691710472,
        "ATR": 83.89867190541709,
        "ADX": 27.01518918673894,
        "Stoch_K": 26.141378480301796,
        "Stoch_D": 46.58888054606553,
        "StochRSI_K": 0.0,
        "StochRSI_D": 20.500587336788865,
        "BB_upper": 2708.9922335605474,
        "BB_lower": 2473.5887664394527,
        "BB_middle": 2591.2905,
        "EMA5": 2609.222519458104,
        "EMA21": 2602.544607082269,
        "EMA55": 2588.5848801961,
        "EMA144": 2561.5278177556593,
        "EMA200": 2549.7680220636425,
        "VWAP": 2583.5386586351083
      }
    },
    "1h": {
      "indicators": {
        "ticker": "ETH-USDT-SWAP",
        "name": "ETHUSDT.P",
        "close": 2605.81,
        "volume": 1647440.55,
        "RSI": 44.69024345858788,
        "MACD_macd": -0.6527120556711452,
        "MACD_signal": 0.9012263799407152,
        "ATR": 25.19322055635072,
        "ADX": 17.62465153852856,
        "Stoch_K": 38.50481310163747,
        "Stoch_D": 43.14706004917272,
        "StochRSI_K": 36.86062415395784,
        "StochRSI_D": 44.6810320204466,
        "BB_upper": 2638.7649773950357,
        "BB_lower": 2585.170022604964,
        "BB_middle": 2611.9674999999997,
        "EMA5": 2610.174604475289,
        "EMA21": 2614.2092165330037,
        "EMA55": 2599.2052639484396,
        "EMA144": 2557.3720753196444,
        "EMA200": 2543.760099129556,
        "VWAP": 2549.9707695278744
      }
    }
  },
  "factors_main": {
    "factors": {
      "FGI": "52/100",
      "funding_rate": "0.002%",
      "open_interest": "$3467424065009.999 million"
    }
  },
  "data_summary": {
    "code": "0",
    "msg": "",
    "data": [
      {
        "instType": "SWAP",
        "instId": "ETH-USDT-SWAP",
        "last": "2495.02",
        "lastSz": "0.01",
        "askPx": "2495.01",
        "askSz": "2768.73",
        "bidPx": "2495",
        "bidSz": "1331.27",
        "open24h": "2473.7",
        "high24h": "2529.99",
        "low24h": "2455.92",
        "volCcy24h": "3149270.268",
        "vol24h": "31492702.68",
        "ts": "1749297977809",
        "sodUtc0": "2475.34",
        "sodUtc8": "2508.33"
      }
    ]
  },
  "okx_positions": {
    "instrument_id": "ETH-USDT-SWAP",
    "balance": {
      "Available_Margin": "116291.63 USDT"
    },
    "positions": {
      "instrument_id": "ETH-USDT-SWAP",
      "Margin_Model": "cross",
      "Position direction": "net",
      "pos": "0 piece",
      "avgPrice": " USDT",
      "Unrealized Gains": " USDT",
      "liqPrice": " USDT",
      "lever": " x"
    },
    "orders": {
      "size": "N/A",
      "price": "N/A",
      "lever": "N/A",
      "direction": "N/A",
      "status": "N/A",
      "algo_orders": {}
    }
  },
  "timestamp": "2025-06-07T20:06:18+08:00"
}