{
  "screenshots": {
    "15m": "/home/li-xufeng/codespace/taishang/data/cache_screenshot/tradingview_15m_20250608_131339.png",
    "1h": "/home/li-xufeng/codespace/taishang/data/cache_screenshot/tradingview_60m_20250608_131340.png",
    "4h": "/home/li-xufeng/codespace/taishang/data/cache_screenshot/tradingview_240m_20250608_131341.png"
  },
  "indicators_main": {
    "1h": {
      "indicators": {
        "ticker": "ETH-USDT-SWAP",
        "name": "ETHUSDT.P",
        "close": 2611.26,
        "volume": 1383327.22,
        "RSI": 38.61243799306801,
        "MACD_macd": 6.849697909223323,
        "MACD_signal": 12.47375821126404,
        "ATR": 23.877998604647612,
        "ADX": 17.78237911863411,
        "Stoch_K": 32.72401433691785,
        "Stoch_D": 30.939869238442423,
        "StochRSI_K": 0.6966826677823472,
        "StochRSI_D": 3.9119676394209844,
        "BB_upper": 2660.5036497750593,
        "BB_lower": 2598.403350224941,
        "BB_middle": 2629.4535,
        "EMA5": 2619.3637618202947,
        "EMA21": 2621.5770589113167,
        "EMA55": 2589.3816671886016,
        "EMA144": 2549.4858007400408,
        "EMA200": 2540.246277627125,
        "VWAP": 2537.4468820354764
      }
    },
    "4h": {
      "indicators": {
        "ticker": "ETH-USDT-SWAP",
        "name": "ETHUSDT.P",
        "close": 2663.77,
        "volume": 10246311.38,
        "RSI": 62.78757982484117,
        "MACD_macd": 21.709687198545907,
        "MACD_signal": 5.953611195558595,
        "ATR": 74.67666126667365,
        "ADX": 26.4516195457143,
        "Stoch_K": 70.42947368421052,
        "Stoch_D": 67.15718117532313,
        "StochRSI_K": 50.97860335316986,
        "StochRSI_D": 50.58479662530724,
        "BB_upper": 2696.907199487493,
        "BB_lower": 2442.0098005125064,
        "BB_middle": 2569.4584999999997,
        "EMA5": 2648.3290047566493,
        "EMA21": 2598.1400326856683,
        "EMA55": 2585.0717013380804,
        "EMA144": 2562.837195897727,
        "EMA200": 2553.4111790765287,
        "VWAP": 2580.366491904468
      }
    },
    "15m": {
      "indicators": {
        "ticker": "ETH-USDT-SWAP",
        "name": "ETHUSDT.P",
        "close": 2481.74,
        "volume": 225057.14,
        "RSI": 34.64843439550137,
        "MACD_macd": -2.7497191986267353,
        "MACD_signal": -2.5978695191257817,
        "ATR": 7.56706582302111,
        "ADX": 21.637029854129224,
        "Stoch_K": 14.45190156599363,
        "Stoch_D": 24.14615958240002,
        "StochRSI_K": 0.0,
        "StochRSI_D": 6.8671707717925115,
        "BB_upper": 2496.646804549983,
        "BB_lower": 2479.616195450017,
        "BB_middle": 2488.1315,
        "EMA5": 2484.8300146662114,
        "EMA21": 2488.665394460164,
        "EMA55": 2495.9249827895314,
        "EMA144": 2505.175006661194,
        "EMA200": 2507.5434003606233,
        "VWAP": 2507.601355106068
      }
    }
  },
  "factors_main": {
    "factors": {
      "FGI": "62/100",
      "open_interest": "$3471787945251.0063 million",
      "funding_rate": "-0.0183%"
    }
  },
  "data_summary": {
    "code": "0",
    "msg": "",
    "data": [
      {
        "instType": "SWAP",
        "instId": "ETH-USDT-SWAP",
        "last": "2510.3",
        "lastSz": "10",
        "askPx": "2510.31",
        "askSz": "4454.78",
        "bidPx": "2510.3",
        "bidSz": "3450.59",
        "open24h": "2489.07",
        "high24h": "2544.92",
        "low24h": "2480.47",
        "volCcy24h": "1994486.709",
        "vol24h": "19944867.09",
        "ts": "1749359618706",
        "sodUtc0": "2523.51",
        "sodUtc8": "2518.15"
      }
    ]
  },
  "okx_positions": {
    "instrument_id": "ETH-USDT-SWAP",
    "balance": {
      "Available_Margin": "115177.0 USDT"
    },
    "positions": {
      "instrument_id": "ETH-USDT-SWAP",
      "Margin_Model": "cross",
      "Position direction": "net",
      "pos": "414.48 piece",
      "avgPrice": "2515.5926061571125267 USDT",
      "Unrealized Gains": "-219.78242000000628 USDT",
      "liqPrice": " USDT",
      "lever": "100 x"
    },
    "orders": {
      "size": "N/A",
      "price": "N/A",
      "lever": "N/A",
      "direction": "N/A",
      "status": "N/A",
      "algo_orders": {}
    }
  },
  "timestamp": "2025-06-08T13:13:41+08:00"
}