{
  "clipboard_image_path": "/root/codespace/Qwen_quant_v1/BTC_code/cache_screenshot/tradingview_clipboard_20250602_180212.png",
  "indicators_main": {
    "15m": {
      "indicators": {
        "ticker": "BTC-USDT-SWAP",
        "name": "BTCUSDT.P",
        "close": 104178.2,
        "volume": 65386.09,
        "RSI": 62.27241551592776,
        "MACD_macd": -166.2999373850471,
        "MACD_signal": -213.74046409976356,
        "ATR": 257.8728369008015,
        "ADX": 48.07980113342016,
        "Stoch_K": 64.87460163502826,
        "Stoch_D": 52.87152845988361,
        "StochRSI_K": 100.0,
        "StochRSI_D": 93.12164146822106,
        "BB_upper": 104289.09302646146,
        "BB_lower": 103721.38697353855,
        "BB_middle": 104005.24,
        "EMA5": 104006.85653104089,
        "EMA21": 104098.89256493842,
        "EMA55": 104449.71960711823,
        "EMA144": 104659.67434779883,
        "EMA200": 104669.38253637629,
        "VWAP": 104859.87151266048
      }
    },
    "1h": {
      "indicators": {
        "ticker": "BTC-USDT-SWAP",
        "name": "BTCUSDT.P",
        "close": 107871.6,
        "volume": 156305.55,
        "RSI": 57.0597911562974,
        "MACD_macd": 785.1602938725118,
        "MACD_signal": 740.8755194902419,
        "ATR": 750.4172799078287,
        "ADX": 21.98705192881283,
        "Stoch_K": 69.47426369391711,
        "Stoch_D": 75.13737243987735,
        "StochRSI_K": 21.075762094475152,
        "StochRSI_D": 37.577931870705534,
        "BB_upper": 109444.68338373023,
        "BB_lower": 104516.85661626975,
        "BB_middle": 106980.76999999999,
        "EMA5": 108075.11709310146,
        "EMA21": 107191.94811508035,
        "EMA55": 106041.40287969189,
        "EMA144": 105215.09049264192,
        "EMA200": 105041.66296225022,
        "VWAP": 105483.14508886567
      }
    },
    "4h": {
      "indicators": {
        "ticker": "BTC-USDT-SWAP",
        "name": "BTCUSDT.P",
        "close": 103960.0,
        "volume": 1355993.94,
        "RSI": 52.670835575711315,
        "MACD_macd": -895.1543625051709,
        "MACD_signal": -1057.4266327115567,
        "ATR": 1141.5365854763647,
        "ADX": 15.821704350620916,
        "Stoch_K": 34.19959943334469,
        "Stoch_D": 26.96163276791439,
        "StochRSI_K": 72.56998628987597,
        "StochRSI_D": 63.0819617479926,
        "BB_upper": 106005.93943700954,
        "BB_lower": 101824.93056299046,
        "BB_middle": 103915.435,
        "EMA5": 103552.00499575729,
        "EMA21": 104247.01442257423,
        "EMA55": 105781.37574620213,
        "EMA144": 106252.1358223788,
        "EMA200": 106168.41625333717,
        "VWAP": 107134.30038138115
      }
    }
  },
  "factors_main": {
    "factors": {
      "funding_rate": "0.01%",
      "FGI": "64/100",
      "open_interest": "$23105746531.000008 million"
    }
  },
  "data_summary": {
    "code": "0",
    "msg": "",
    "data": [
      {
        "instType": "SWAP",
        "instId": "BTC-USDT-SWAP",
        "last": "104545.1",
        "lastSz": "0.17",
        "askPx": "104545.2",
        "askSz": "107",
        "bidPx": "104545.1",
        "bidSz": "1357.7",
        "open24h": "103971.5",
        "high24h": "105880.9",
        "low24h": "103712",
        "volCcy24h": "54819.4757",
        "vol24h": "5481947.57",
        "ts": "1748858540219",
        "sodUtc0": "105586.1",
        "sodUtc8": "104654.9"
      }
    ]
  },
  "okx_positions": {
    "instrument_id": "BTC-USDT-SWAP",
    "balance": {
      "Available_Margin": "116495.16 USDT"
    },
    "positions": {
      "instrument_id": "BTC-USDT-SWAP",
      "Margin_Model": "N/A",
      "Position direction": "N/A",
      "pos": "0",
      "avgPrice": "N/A",
      "Unrealized Gains": "N/A",
      "liqPrice": "N/A",
      "lever": "N/A"
    },
    "orders": {
      "size": "N/A",
      "price": "N/A",
      "lever": "N/A",
      "direction": "N/A",
      "status": "N/A"
    }
  },
  "timestamp": "2025-06-02T10:02:20+00:00Z"
}