{
  "clipboard_image_path": "/root/codespace/Qwen_quant_v1/BTC_code/cache_screenshot/tradingview_clipboard_20250602_163335.png",
  "indicators_main": {
    "15m": {
      "indicators": {
        "ticker": "BTC-USDT-SWAP",
        "name": "BTCUSDT.P",
        "close": 104216.1,
        "volume": 22897.66,
        "RSI": 56.748206523929696,
        "MACD_macd": -39.913494411695865,
        "MACD_signal": -104.15128391470572,
        "ATR": 179.12876921011372,
        "ADX": 34.32531431379481,
        "Stoch_K": 70.12609117361893,
        "Stoch_D": 72.13061752344085,
        "StochRSI_K": 66.35954017645504,
        "StochRSI_D": 71.83425877920722,
        "BB_upper": 104400.95983313653,
        "BB_lower": 103708.46016686346,
        "BB_middle": 104054.70999999999,
        "EMA5": 104221.43692453584,
        "EMA21": 104169.09883874838,
        "EMA55": 104443.39022473025,
        "EMA144": 104924.12510576438,
        "EMA200": 105085.53965831964,
        "VWAP": 104830.61120294927
      }
    },
    "1h": {
      "indicators": {
        "ticker": "BTC-USDT-SWAP",
        "name": "BTCUSDT.P",
        "close": 107510.0,
        "volume": 577360.44,
        "RSI": 47.60466714223462,
        "MACD_macd": 649.4234955190041,
        "MACD_signal": 718.7036387043522,
        "ATR": 772.1130245873403,
        "ADX": 24.43830162224898,
        "Stoch_K": 51.77855800262444,
        "Stoch_D": 60.741297171291556,
        "StochRSI_K": 0.0,
        "StochRSI_D": 7.025300734597439,
        "BB_upper": 109380.77072892776,
        "BB_lower": 105041.26927107222,
        "BB_middle": 107211.01999999999,
        "EMA5": 107788.407596934,
        "EMA21": 107257.33294390957,
        "EMA55": 106169.1730248988,
        "EMA144": 105478.04987251146,
        "EMA200": 105385.55917244278,
        "VWAP": 105539.93572972313
      }
    },
    "4h": {
      "indicators": {
        "ticker": "BTC-USDT-SWAP",
        "name": "BTCUSDT.P",
        "close": 103960.0,
        "volume": 1355993.94,
        "RSI": 52.670835575711315,
        "MACD_macd": -895.1543625051709,
        "MACD_signal": -1057.4266327115567,
        "ATR": 1141.5365854763647,
        "ADX": 15.821704350620916,
        "Stoch_K": 34.19959943334469,
        "Stoch_D": 26.96163276791439,
        "StochRSI_K": 72.56998628987597,
        "StochRSI_D": 63.0819617479926,
        "BB_upper": 106005.93943700954,
        "BB_lower": 101824.93056299046,
        "BB_middle": 103915.435,
        "EMA5": 103552.00499575729,
        "EMA21": 104247.01442257423,
        "EMA55": 105781.37574620213,
        "EMA144": 106252.1358223788,
        "EMA200": 106168.41625333717,
        "VWAP": 107134.30038138115
      }
    }
  },
  "factors_main": {
    "factors": {
      "funding_rate": "0.0089%",
      "FGI": "64/100",
      "open_interest": "$23272533939.999966 million"
    }
  },
  "data_summary": {
    "code": "0",
    "msg": "",
    "data": [
      {
        "instType": "SWAP",
        "instId": "BTC-USDT-SWAP",
        "last": "105715.9",
        "lastSz": "2.54",
        "askPx": "105716",
        "askSz": "16.04",
        "bidPx": "105715.9",
        "bidSz": "2751.96",
        "open24h": "104299.9",
        "high24h": "105880.9",
        "low24h": "103710",
        "volCcy24h": "51894.8477",
        "vol24h": "5189484.77",
        "ts": "1748853222812",
        "sodUtc0": "105586.1",
        "sodUtc8": "104654.9"
      }
    ]
  },
  "okx_positions": {
    "instrument_id": "BTC-USDT-SWAP",
    "balance": {
      "Available_Margin": "116495.16 USDT"
    },
    "positions": {
      "instrument_id": "BTC-USDT-SWAP",
      "Margin_Model": "N/A",
      "Position direction": "N/A",
      "pos": "0",
      "avgPrice": "N/A",
      "Unrealized Gains": "N/A",
      "liqPrice": "N/A",
      "lever": "N/A"
    },
    "orders": {
      "size": "N/A",
      "price": "N/A",
      "lever": "N/A",
      "direction": "N/A",
      "status": "N/A"
    }
  },
  "timestamp": "2025-06-02T08:33:43+00:00Z"
}