{
  "clipboard_image_path": "/root/codespace/Qwen_quant_v1/BTC_code/cache_screenshot/tradingview_clipboard_20250601_141006.png",
  "indicators_main": {
    "15m": {
      "indicators": {
        "ticker": "BTC-USDT-SWAP",
        "name": "BTCUSDT.P",
        "close": 103680.9,
        "volume": 43332.61,
        "RSI": 53.14604860563592,
        "MACD_macd": -39.58803587217699,
        "MACD_signal": -62.2966986659083,
        "ATR": 202.2653332325081,
        "ADX": 19.150416497182956,
        "Stoch_K": 52.053789731049925,
        "Stoch_D": 46.560717196413066,
        "StochRSI_K": 50.33608166525687,
        "StochRSI_D": 44.65725875979001,
        "BB_upper": 103838.34803049211,
        "BB_lower": 103413.80196950788,
        "BB_middle": 103626.075,
        "EMA5": 103649.05991395892,
        "EMA21": 103662.61994356339,
        "EMA55": 103866.94015594493,
        "EMA144": 104153.64022932376,
        "EMA200": 104229.79769603121,
        "VWAP": 104192.42975054301
      }
    },
    "1h": {
      "indicators": {
        "ticker": "BTC-USDT-SWAP",
        "name": "BTCUSDT.P",
        "close": 108596.6,
        "volume": 361407.98,
        "RSI": 52.29173096180888,
        "MACD_macd": 394.7565024383948,
        "MACD_signal": 393.92105856402026,
        "ATR": 537.5722879781546,
        "ADX": 17.499651767410246,
        "Stoch_K": 76.90783888312461,
        "Stoch_D": 85.67273527654663,
        "StochRSI_K": 39.01624311854018,
        "StochRSI_D": 62.9073449743934,
        "BB_upper": 109678.21202421191,
        "BB_lower": 106675.59797578809,
        "BB_middle": 108176.905,
        "EMA5": 108748.92727800041,
        "EMA21": 108339.69404552419,
        "EMA55": 107428.67530516499,
        "EMA144": 106126.48717593552,
        "EMA200": 105754.52800861045,
        "VWAP": 106242.64303339335
      }
    },
    "4h": {
      "indicators": {
        "ticker": "BTC-USDT-SWAP",
        "name": "BTCUSDT.P",
        "close": 103209.3,
        "volume": 2544481.27,
        "RSI": 40.84757770750365,
        "MACD_macd": -578.986559751138,
        "MACD_signal": -715.829437221096,
        "ATR": 1254.7054886099613,
        "ADX": 14.832185363657455,
        "Stoch_K": 58.593361511685714,
        "Stoch_D": 49.025736936044666,
        "StochRSI_K": 19.899826160430674,
        "StochRSI_D": 29.79545165028291,
        "BB_upper": 104752.52865583556,
        "BB_lower": 102442.10134416445,
        "BB_middle": 103597.315,
        "EMA5": 103436.9367807302,
        "EMA21": 103925.39360068626,
        "EMA55": 105271.63120384578,
        "EMA144": 105766.70685882824,
        "EMA200": 105634.06732573181,
        "VWAP": 106978.9546254877
      }
    }
  },
  "factors_main": {
    "factors": {
      "funding_rate": "0.0096%",
      "FGI": "56/100",
      "open_interest": "$23000638907.999992 million"
    }
  },
  "data_summary": {
    "code": "0",
    "msg": "",
    "data": [
      {
        "instType": "SWAP",
        "instId": "BTC-USDT-SWAP",
        "last": "104395.9",
        "lastSz": "0.01",
        "askPx": "104395.9",
        "askSz": "766.73",
        "bidPx": "104395.8",
        "bidSz": "105.76",
        "open24h": "103518.7",
        "high24h": "104861.4",
        "low24h": "103231.6",
        "volCcy24h": "39168.9945",
        "vol24h": "3916899.45",
        "ts": "1748758215715",
        "sodUtc0": "104550",
        "sodUtc8": "104503"
      }
    ]
  },
  "okx_positions": {
    "instrument_id": "BTC-USDT-SWAP",
    "balance": {
      "Available_Margin": "115946.25 USDT"
    },
    "positions": {
      "instrument_id": "BTC-USDT-SWAP",
      "Margin_Model": "N/A",
      "Position direction": "N/A",
      "pos": "0",
      "avgPrice": "N/A",
      "Unrealized Gains": "N/A",
      "liqPrice": "N/A",
      "lever": "N/A"
    },
    "orders": {
      "size": "N/A",
      "price": "N/A",
      "lever": "N/A",
      "direction": "N/A",
      "status": "N/A"
    }
  },
  "timestamp": "2025-06-01T06:10:16+00:00Z"
}