{
  "clipboard_image_path": "/root/codespace/Qwen_quant_v1/BTC_code/cache_screenshot/tradingview_clipboard_20250531_171850.png",
  "indicators_main": {
    "15m": {
      "indicators": {
        "ticker": "BTC-USDT-SWAP",
        "name": "BTCUSDT.P",
        "close": 105188.7,
        "volume": 101034.52,
        "RSI": 43.35496824130077,
        "MACD_macd": -9.346423692972166,
        "MACD_signal": 78.54659524101233,
        "ATR": 399.2532876092156,
        "ADX": 43.99409477962607,
        "Stoch_K": 45.579178885630284,
        "Stoch_D": 44.98533724340149,
        "StochRSI_K": 31.866261349086596,
        "StochRSI_D": 30.090127868285446,
        "BB_upper": 106073.05965004249,
        "BB_lower": 104921.8703499575,
        "BB_middle": 105497.465,
        "EMA5": 105205.46265026194,
        "EMA21": 105350.23456116416,
        "EMA55": 105054.9379971967,
        "EMA144": 104468.54130509608,
        "EMA200": 104287.47130108501,
        "VWAP": 104572.00260021357
      }
    },
    "1h": {
      "indicators": {
        "ticker": "BTC-USDT-SWAP",
        "name": "BTCUSDT.P",
        "close": 108859.2,
        "volume": 496151.67,
        "RSI": 33.85197754630104,
        "MACD_macd": 160.0912504242442,
        "MACD_signal": 320.1001321883936,
        "ATR": 636.9038572504934,
        "ADX": 26.42224179930799,
        "Stoch_K": 17.934710780210246,
        "Stoch_D": 22.303124447456707,
        "StochRSI_K": 6.748088728186468,
        "StochRSI_D": 2.4914688637640756,
        "BB_upper": 110406.11401703041,
        "BB_lower": 108596.42598296957,
        "BB_middle": 109501.26999999999,
        "EMA5": 109173.44844578726,
        "EMA21": 109302.65893683503,
        "EMA55": 108499.48510422025,
        "EMA144": 106766.50468357887,
        "EMA200": 106149.56677924328,
        "VWAP": 107112.51610905833
      }
    },
    "4h": {
      "indicators": {
        "ticker": "BTC-USDT-SWAP",
        "name": "BTCUSDT.P",
        "close": 103279.1,
        "volume": 1192218.67,
        "RSI": 50.96820690297778,
        "MACD_macd": -562.3431814423529,
        "MACD_signal": -661.8442752587601,
        "ATR": 1318.7040197796996,
        "ADX": 15.1843666695878,
        "Stoch_K": 60.762680258577895,
        "Stoch_D": 56.66127962870875,
        "StochRSI_K": 86.4119881880867,
        "StochRSI_D": 80.64039179925216,
        "BB_upper": 104405.64428775795,
        "BB_lower": 102119.02571224203,
        "BB_middle": 103262.33499999999,
        "EMA5": 103039.64887647478,
        "EMA21": 103487.91655406705,
        "EMA55": 104832.65545460963,
        "EMA144": 105407.49782072355,
        "EMA200": 105263.56547263659,
        "VWAP": 106906.57720629276
      }
    }
  },
  "factors_main": {
    "factors": {
      "funding_rate": "0.0079%",
      "FGI": "50/100",
      "open_interest": "$23056126693.000023 million"
    }
  },
  "data_summary": {
    "code": "0",
    "msg": "",
    "data": [
      {
        "instType": "SWAP",
        "instId": "BTC-USDT-SWAP",
        "last": "103647.1",
        "lastSz": "1.59",
        "askPx": "103647.1",
        "askSz": "492.97",
        "bidPx": "103647",
        "bidSz": "350.46",
        "open24h": "105240",
        "high24h": "105950",
        "low24h": "103022.1",
        "volCcy24h": "89266.442",
        "vol24h": "8926644.2",
        "ts": "1748683139508",
        "sodUtc0": "103959",
        "sodUtc8": "105499.9"
      }
    ]
  },
  "okx_positions": {
    "instrument_id": "BTC-USDT-SWAP",
    "balance": {
      "Available_Margin": "102651.36 USDT"
    },
    "positions": {
      "instrument_id": "BTC-USDT-SWAP",
      "Margin_Model": "isolated",
      "Position direction": "long",
      "pos": "11.75 piece",
      "avgPrice": "107970.3 USDT",
      "Unrealized Gains": "-507.9642500000007 USDT",
      "liqPrice": "72305.34552032522 USDT",
      "lever": "3 x"
    }
  },
  "timestamp": "2025-05-31T09:19:00+00:00Z"
}