{
  "clipboard_image_path": "/root/codespace/Qwen_quant_v1/BTC_code/cache_screenshot/tradingview_clipboard_20250602_024808.png",
  "indicators_main": {
    "15m": {
      "indicators": {
        "ticker": "BTC-USDT-SWAP",
        "name": "BTCUSDT.P",
        "close": 104319.1,
        "volume": 61947.59,
        "RSI": 31.40889816032022,
        "MACD_macd": -15.395119390988839,
        "MACD_signal": 30.34916823046494,
        "ATR": 192.70157485218797,
        "ADX": 25.24804989782262,
        "Stoch_K": 14.558058925478045,
        "Stoch_D": 24.799593306893374,
        "StochRSI_K": 1.5262401113357666,
        "StochRSI_D": 24.974038309432757,
        "BB_upper": 104897.15727663854,
        "BB_lower": 104344.87272336143,
        "BB_middle": 104621.01499999998,
        "EMA5": 104440.1840251264,
        "EMA21": 104537.82031962536,
        "EMA55": 104475.97644971577,
        "EMA144": 104411.16760728777,
        "EMA200": 104397.70925873116,
        "VWAP": 104420.34262801688
      }
    },
    "1h": {
      "indicators": {
        "ticker": "BTC-USDT-SWAP",
        "name": "BTCUSDT.P",
        "close": 107486.7,
        "volume": 1094199.87,
        "RSI": 50.342652715858975,
        "MACD_macd": 112.61340138422383,
        "MACD_signal": 247.3608673554199,
        "ATR": 757.9152603156904,
        "ADX": 25.95659901208406,
        "Stoch_K": 43.92377201112135,
        "Stoch_D": 33.9087117701576,
        "StochRSI_K": 54.18820661431765,
        "StochRSI_D": 39.55643574804529,
        "BB_upper": 108613.12417505497,
        "BB_lower": 106803.50582494501,
        "BB_middle": 107708.31499999999,
        "EMA5": 107366.58089545809,
        "EMA21": 107431.43656087595,
        "EMA55": 106715.3594379373,
        "EMA144": 105775.3776599334,
        "EMA200": 105559.78058401146,
        "VWAP": 105908.58678421332
      }
    },
    "4h": {
      "indicators": {
        "ticker": "BTC-USDT-SWAP",
        "name": "BTCUSDT.P",
        "close": 103997.2,
        "volume": 1188421.79,
        "RSI": 53.54540254085881,
        "MACD_macd": -620.5128528906498,
        "MACD_signal": -844.428076932589,
        "ATR": 1029.979758463894,
        "ADX": 12.208350193486009,
        "Stoch_K": 72.53002321122172,
        "Stoch_D": 54.287616888730575,
        "StochRSI_K": 91.28774900277456,
        "StochRSI_D": 67.93102898294622,
        "BB_upper": 105450.94395828946,
        "BB_lower": 102056.12604171055,
        "BB_middle": 103753.535,
        "EMA5": 103794.74913496443,
        "EMA21": 104121.90692933518,
        "EMA55": 105502.77816016747,
        "EMA144": 105952.03622223242,
        "EMA200": 105825.26169149109,
        "VWAP": 107087.00223376273
      }
    }
  },
  "factors_main": {
    "factors": {
      "funding_rate": "-0.0%",
      "FGI": "56/100",
      "open_interest": "$23009457152.999996 million"
    }
  },
  "data_summary": {
    "code": "0",
    "msg": "",
    "data": [
      {
        "instType": "SWAP",
        "instId": "BTC-USDT-SWAP",
        "last": "104495",
        "lastSz": "1.87",
        "askPx": "104495",
        "askSz": "440.29",
        "bidPx": "104494.9",
        "bidSz": "2171.48",
        "open24h": "104372",
        "high24h": "105260",
        "low24h": "103710",
        "volCcy24h": "41613.2716",
        "vol24h": "4161327.16",
        "ts": "1748803694910",
        "sodUtc0": "104550",
        "sodUtc8": "104654.9"
      }
    ]
  },
  "okx_positions": {
    "instrument_id": "BTC-USDT-SWAP",
    "balance": {
      "Available_Margin": "116691.05 USDT"
    },
    "positions": {
      "instrument_id": "BTC-USDT-SWAP",
      "Margin_Model": "N/A",
      "Position direction": "N/A",
      "pos": "0",
      "avgPrice": "N/A",
      "Unrealized Gains": "N/A",
      "liqPrice": "N/A",
      "lever": "N/A"
    },
    "orders": {
      "size": "N/A",
      "price": "N/A",
      "lever": "N/A",
      "direction": "N/A",
      "status": "N/A"
    }
  },
  "timestamp": "2025-06-01T18:48:15+00:00Z"
}