{
  "clipboard_image_path": "/root/codespace/Qwen_quant_v1/BTC_code/cache_screenshot/tradingview_clipboard_20250601_170309.png",
  "indicators_main": {
    "15m": {
      "indicators": {
        "ticker": "BTC-USDT-SWAP",
        "name": "BTCUSDT.P",
        "close": 103556.0,
        "volume": 32692.31,
        "RSI": 47.993876614137356,
        "MACD_macd": -150.59347832784988,
        "MACD_signal": -200.15171996285136,
        "ATR": 209.8006615887315,
        "ADX": 27.658497217406865,
        "Stoch_K": 60.1074671113574,
        "Stoch_D": 68.01480377708235,
        "StochRSI_K": 79.62611668838869,
        "StochRSI_D": 85.30570634135069,
        "BB_upper": 103921.10774595458,
        "BB_lower": 103174.67225404542,
        "BB_middle": 103547.89,
        "EMA5": 103568.47671734152,
        "EMA21": 103653.88553850316,
        "EMA55": 103966.7685651003,
        "EMA144": 104198.53349323983,
        "EMA200": 104242.7982086825,
        "VWAP": 104243.57825726768
      }
    },
    "1h": {
      "indicators": {
        "ticker": "BTC-USDT-SWAP",
        "name": "BTCUSDT.P",
        "close": 108926.2,
        "volume": 110481.95,
        "RSI": 66.42419371161316,
        "MACD_macd": 434.14968048481387,
        "MACD_signal": 372.67304604828536,
        "ATR": 586.6643513581408,
        "ADX": 22.466483653327302,
        "Stoch_K": 92.45354211866804,
        "Stoch_D": 86.78142437758713,
        "StochRSI_K": 82.56147039064852,
        "StochRSI_D": 78.33415251259866,
        "BB_upper": 109473.98495416062,
        "BB_lower": 106574.2850458394,
        "BB_middle": 108024.13500000001,
        "EMA5": 108777.20456325129,
        "EMA21": 108196.70352911868,
        "EMA55": 107269.01548013158,
        "EMA144": 105978.8502961199,
        "EMA200": 105612.10338148766,
        "VWAP": 106178.97213214147
      }
    },
    "4h": {
      "indicators": {
        "ticker": "BTC-USDT-SWAP",
        "name": "BTCUSDT.P",
        "close": 103110.0,
        "volume": 1986096.31,
        "RSI": 38.628221080941515,
        "MACD_macd": -586.5555664851854,
        "MACD_signal": -749.9827764150173,
        "ATR": 1150.660052015627,
        "ADX": 11.579912572081358,
        "Stoch_K": 29.744319575992655,
        "Stoch_D": 53.671290835890005,
        "StochRSI_K": 7.422458889939329,
        "StochRSI_D": 53.59141581291561,
        "BB_upper": 105458.1731228744,
        "BB_lower": 102059.02687712561,
        "BB_middle": 103758.6,
        "EMA5": 103550.75517109531,
        "EMA21": 103996.99661488304,
        "EMA55": 105345.8424668041,
        "EMA144": 105782.37448335736,
        "EMA200": 105628.89674336766,
        "VWAP": 107041.84326547306
      }
    }
  },
  "factors_main": {
    "factors": {
      "funding_rate": "0.01%",
      "FGI": "56/100",
      "open_interest": "$23021510789.99999 million"
    }
  },
  "data_summary": {
    "code": "0",
    "msg": "",
    "data": [
      {
        "instType": "SWAP",
        "instId": "BTC-USDT-SWAP",
        "last": "104352.9",
        "lastSz": "1.29",
        "askPx": "104353",
        "askSz": "338.57",
        "bidPx": "104352.9",
        "bidSz": "371.98",
        "open24h": "103635.8",
        "high24h": "104861.4",
        "low24h": "103231.6",
        "volCcy24h": "38869.0199",
        "vol24h": "3886901.99",
        "ts": "1748768597831",
        "sodUtc0": "104550",
        "sodUtc8": "104503"
      }
    ]
  },
  "okx_positions": {
    "instrument_id": "BTC-USDT-SWAP",
    "balance": {
      "Available_Margin": "116174.64 USDT"
    },
    "positions": {
      "instrument_id": "BTC-USDT-SWAP",
      "Margin_Model": "N/A",
      "Position direction": "N/A",
      "pos": "0",
      "avgPrice": "N/A",
      "Unrealized Gains": "N/A",
      "liqPrice": "N/A",
      "lever": "N/A"
    },
    "orders": {
      "size": "N/A",
      "price": "N/A",
      "lever": "N/A",
      "direction": "N/A",
      "status": "N/A"
    }
  },
  "timestamp": "2025-06-01T09:03:18+00:00Z"
}