{
  "clipboard_image_path": "/root/codespace/Qwen_quant_v1/BTC_code/cache_screenshot/tradingview_clipboard_20250601_132242.png",
  "indicators_main": {
    "15m": {
      "indicators": {
        "ticker": "BTC-USDT-SWAP",
        "name": "BTCUSDT.P",
        "close": 103730.0,
        "volume": 56917.91,
        "RSI": 55.45716008595312,
        "MACD_macd": -16.399421293317573,
        "MACD_signal": -42.353084828488264,
        "ATR": 192.64164517322808,
        "ADX": 21.03467424979562,
        "Stoch_K": 65.97222222222221,
        "Stoch_D": 64.760348583878,
        "StochRSI_K": 57.433205951645924,
        "StochRSI_D": 58.62821414888873,
        "BB_upper": 103845.2787078207,
        "BB_lower": 103481.9812921793,
        "BB_middle": 103663.63,
        "EMA5": 103703.43256709896,
        "EMA21": 103679.21483029627,
        "EMA55": 103856.63993650468,
        "EMA144": 104172.94405739442,
        "EMA200": 104269.0367177094,
        "VWAP": 104174.80031430359
      }
    },
    "1h": {
      "indicators": {
        "ticker": "BTC-USDT-SWAP",
        "name": "BTCUSDT.P",
        "close": 108650.9,
        "volume": 266302.71,
        "RSI": 54.204301119833346,
        "MACD_macd": 369.9278011439892,
        "MACD_signal": 389.0663405154481,
        "ATR": 554.2160492030032,
        "ADX": 17.158433117327135,
        "Stoch_K": 67.08241758241726,
        "Stoch_D": 77.0757698579132,
        "StochRSI_K": 17.761999254695883,
        "StochRSI_D": 41.11177766075221,
        "BB_upper": 109711.47040141541,
        "BB_lower": 106762.74959858462,
        "BB_middle": 108237.11000000002,
        "EMA5": 108716.25151866695,
        "EMA21": 108367.9925420621,
        "EMA55": 107474.88355091296,
        "EMA144": 106185.51822205452,
        "EMA200": 105819.06842647407,
        "VWAP": 106266.31315331464
      }
    },
    "4h": {
      "indicators": {
        "ticker": "BTC-USDT-SWAP",
        "name": "BTCUSDT.P",
        "close": 103209.3,
        "volume": 2544481.27,
        "RSI": 40.84757770750365,
        "MACD_macd": -578.986559751138,
        "MACD_signal": -715.829437221096,
        "ATR": 1254.7054886099613,
        "ADX": 14.832185363657455,
        "Stoch_K": 58.593361511685714,
        "Stoch_D": 49.025736936044666,
        "StochRSI_K": 19.899826160430674,
        "StochRSI_D": 29.79545165028291,
        "BB_upper": 104752.52865583556,
        "BB_lower": 102442.10134416445,
        "BB_middle": 103597.315,
        "EMA5": 103436.9367807302,
        "EMA21": 103925.39360068626,
        "EMA55": 105271.63120384578,
        "EMA144": 105766.70685882824,
        "EMA200": 105634.06732573181,
        "VWAP": 106978.9546254877
      }
    }
  },
  "factors_main": {
    "factors": {
      "funding_rate": "0.01%",
      "FGI": "56/100",
      "open_interest": "$22994983654.000023 million"
    }
  },
  "data_summary": {
    "code": "0",
    "msg": "",
    "data": [
      {
        "instType": "SWAP",
        "instId": "BTC-USDT-SWAP",
        "last": "104511.8",
        "lastSz": "0.02",
        "askPx": "104511.8",
        "askSz": "932.8",
        "bidPx": "104511.7",
        "bidSz": "848.69",
        "open24h": "103687.7",
        "high24h": "104861.4",
        "low24h": "103231.6",
        "volCcy24h": "39476.1122",
        "vol24h": "3947611.22",
        "ts": "1748755372015",
        "sodUtc0": "104550",
        "sodUtc8": "104503"
      }
    ]
  },
  "okx_positions": {
    "instrument_id": "BTC-USDT-SWAP",
    "balance": {
      "Available_Margin": "115946.25 USDT"
    },
    "positions": {
      "instrument_id": "BTC-USDT-SWAP",
      "Margin_Model": "N/A",
      "Position direction": "N/A",
      "pos": "0",
      "avgPrice": "N/A",
      "Unrealized Gains": "N/A",
      "liqPrice": "N/A",
      "lever": "N/A"
    },
    "orders": {
      "size": "N/A",
      "price": "N/A",
      "lever": "N/A",
      "direction": "N/A",
      "status": "N/A"
    }
  },
  "timestamp": "2025-06-01T05:22:52+00:00Z"
}